USE [master]
GO

CREATE DATABASE [BeLife]
GO
USE [BeLife]
GO

/****** Object:  Table [dbo].[Cliente]     ******/
SET ANSI_NULLS ON
GO
SET QUOTED_IDENTIFIER ON
GO
CREATE TABLE [dbo].[Cliente](
	[RutCliente] [nvarchar](10) NOT NULL,
	[Nombres] [nvarchar](20) NOT NULL,
	[Apellidos] [nvarchar](20) NOT NULL,
	[FechaNacimiento] [datetime] NOT NULL,
	[IdSexo] [int] NOT NULL,
	[IdEstadoCivil] [int] NOT NULL,
 CONSTRAINT [Cliente_PK] PRIMARY KEY CLUSTERED 
(
	[RutCliente] ASC
)WITH (PAD_INDEX = OFF, STATISTICS_NORECOMPUTE = OFF, IGNORE_DUP_KEY = OFF, ALLOW_ROW_LOCKS = ON, ALLOW_PAGE_LOCKS = ON) ON [PRIMARY]
) ON [PRIMARY]

GO
/****** Object:  Table [dbo].[Comuna]     ******/
SET ANSI_NULLS ON
GO
SET QUOTED_IDENTIFIER ON
GO
CREATE TABLE [dbo].[Comuna](
	[IdComuna] [int] NOT NULL,
	[NombreComuna] [nvarchar](40) NOT NULL,
 CONSTRAINT [Key11] PRIMARY KEY CLUSTERED 
(
	[IdComuna] ASC
)WITH (PAD_INDEX = OFF, STATISTICS_NORECOMPUTE = OFF, IGNORE_DUP_KEY = OFF, ALLOW_ROW_LOCKS = ON, ALLOW_PAGE_LOCKS = ON) ON [PRIMARY]
) ON [PRIMARY]

GO
/****** Object:  Table [dbo].[Contrato]     ******/
SET ANSI_NULLS ON
GO
SET QUOTED_IDENTIFIER ON
GO
CREATE TABLE [dbo].[Contrato](
	[Numero] [nvarchar](14) NOT NULL,
	[FechaCreacion] [datetime] NOT NULL,
	[FechaTermino] [datetime] NOT NULL,
	[RutCliente] [nvarchar](10) NOT NULL,
	[CodigoPlan] [nvarchar](5) NOT NULL,
	[IdTipoContrato] [int] NOT NULL,
	[FechaInicioVigencia] [datetime] NOT NULL,
	[FechaFinVigencia] [datetime] NOT NULL,
	[Vigente] [bit] NOT NULL,
	[DeclaracionSalud] [bit] NOT NULL,
	[PrimaAnual] [float] NOT NULL,
	[PrimaMensual] [float] NOT NULL,
	[Observaciones] [nvarchar](max) NOT NULL,
 CONSTRAINT [Key1] PRIMARY KEY CLUSTERED 
(
	[Numero] ASC
)WITH (PAD_INDEX = OFF, STATISTICS_NORECOMPUTE = OFF, IGNORE_DUP_KEY = OFF, ALLOW_ROW_LOCKS = ON, ALLOW_PAGE_LOCKS = ON) ON [PRIMARY]
) ON [PRIMARY] TEXTIMAGE_ON [PRIMARY]

GO
/****** Object:  Table [dbo].[Contrato_Vivienda]     ******/
SET ANSI_NULLS ON
GO
SET QUOTED_IDENTIFIER ON
GO
CREATE TABLE [dbo].[Contrato_Vivienda](
	[Numero] [nvarchar](14) NOT NULL,
	[CodigoPostal] [int] NOT NULL,
 CONSTRAINT [Key10] PRIMARY KEY CLUSTERED 
(
	[Numero] ASC,
	[CodigoPostal] ASC
)WITH (PAD_INDEX = OFF, STATISTICS_NORECOMPUTE = OFF, IGNORE_DUP_KEY = OFF, ALLOW_ROW_LOCKS = ON, ALLOW_PAGE_LOCKS = ON) ON [PRIMARY]
) ON [PRIMARY]

GO
/****** Object:  Table [dbo].[ContratoVehiculo]     ******/
SET ANSI_NULLS ON
GO
SET QUOTED_IDENTIFIER ON
GO
CREATE TABLE [dbo].[ContratoVehiculo](
	[Numero] [nvarchar](14) NOT NULL,
	[Patente] [nvarchar](6) NOT NULL,
 CONSTRAINT [Key9] PRIMARY KEY CLUSTERED 
(
	[Numero] ASC,
	[Patente] ASC
)WITH (PAD_INDEX = OFF, STATISTICS_NORECOMPUTE = OFF, IGNORE_DUP_KEY = OFF, ALLOW_ROW_LOCKS = ON, ALLOW_PAGE_LOCKS = ON) ON [PRIMARY]
) ON [PRIMARY]

GO
/****** Object:  Table [dbo].[EstadoCivil]     ******/
SET ANSI_NULLS ON
GO
SET QUOTED_IDENTIFIER ON
GO
CREATE TABLE [dbo].[EstadoCivil](
	[IdEstadoCivil] [int] NOT NULL,
	[Descripcion] [nvarchar](15) NOT NULL,
 CONSTRAINT [EstadoCivil_PK] PRIMARY KEY CLUSTERED 
(
	[IdEstadoCivil] ASC
)WITH (PAD_INDEX = OFF, STATISTICS_NORECOMPUTE = OFF, IGNORE_DUP_KEY = OFF, ALLOW_ROW_LOCKS = ON, ALLOW_PAGE_LOCKS = ON) ON [PRIMARY]
) ON [PRIMARY]

GO
/****** Object:  Table [dbo].[MarcaModeloVehiculo]     ******/
SET ANSI_NULLS ON
GO
SET QUOTED_IDENTIFIER ON
GO
CREATE TABLE [dbo].[MarcaModeloVehiculo](
	[IdMarca] [int] NOT NULL,
	[IdModelo] [int] NOT NULL,
 CONSTRAINT [Key7] PRIMARY KEY CLUSTERED 
(
	[IdMarca] ASC,
	[IdModelo] ASC
)WITH (PAD_INDEX = OFF, STATISTICS_NORECOMPUTE = OFF, IGNORE_DUP_KEY = OFF, ALLOW_ROW_LOCKS = ON, ALLOW_PAGE_LOCKS = ON) ON [PRIMARY]
) ON [PRIMARY]

GO
/****** Object:  Table [dbo].[MarcaVehiculo]     ******/
SET ANSI_NULLS ON
GO
SET QUOTED_IDENTIFIER ON
GO
CREATE TABLE [dbo].[MarcaVehiculo](
	[IdMarca] [int] NOT NULL,
	[Descripcion] [nvarchar](40) NOT NULL,
 CONSTRAINT [Key5] PRIMARY KEY CLUSTERED 
(
	[IdMarca] ASC
)WITH (PAD_INDEX = OFF, STATISTICS_NORECOMPUTE = OFF, IGNORE_DUP_KEY = OFF, ALLOW_ROW_LOCKS = ON, ALLOW_PAGE_LOCKS = ON) ON [PRIMARY]
) ON [PRIMARY]

GO
/****** Object:  Table [dbo].[ModeloVehiculo]     ******/
SET ANSI_NULLS ON
GO
SET QUOTED_IDENTIFIER ON
GO
CREATE TABLE [dbo].[ModeloVehiculo](
	[IdModelo] [int] NOT NULL,
	[Descripcion] [nvarchar](40) NOT NULL,
 CONSTRAINT [Key6] PRIMARY KEY CLUSTERED 
(
	[IdModelo] ASC
)WITH (PAD_INDEX = OFF, STATISTICS_NORECOMPUTE = OFF, IGNORE_DUP_KEY = OFF, ALLOW_ROW_LOCKS = ON, ALLOW_PAGE_LOCKS = ON) ON [PRIMARY]
) ON [PRIMARY]

GO
/****** Object:  Table [dbo].[Plan]     ******/
SET ANSI_NULLS ON
GO
SET QUOTED_IDENTIFIER ON
GO
CREATE TABLE [dbo].[Plan](
	[IdPlan] [nvarchar](5) NOT NULL,
	[IdTipoContrato] [int] NOT NULL,
	[Nombre] [nvarchar](20) NOT NULL,
	[PrimaBase] [float] NOT NULL,
	[PolizaActual] [nvarchar](15) NOT NULL,
 CONSTRAINT [Key2] PRIMARY KEY CLUSTERED 
(
	[IdPlan] ASC,
	[IdTipoContrato] ASC
)WITH (PAD_INDEX = OFF, STATISTICS_NORECOMPUTE = OFF, IGNORE_DUP_KEY = OFF, ALLOW_ROW_LOCKS = ON, ALLOW_PAGE_LOCKS = ON) ON [PRIMARY]
) ON [PRIMARY]

GO
/****** Object:  Table [dbo].[Region]     ******/
SET ANSI_NULLS ON
GO
SET QUOTED_IDENTIFIER ON
GO
CREATE TABLE [dbo].[Region](
	[IdRegion] [int] NOT NULL,
	[NombreRegion] [nvarchar](40) NOT NULL,
 CONSTRAINT [Key12] PRIMARY KEY CLUSTERED 
(
	[IdRegion] ASC
)WITH (PAD_INDEX = OFF, STATISTICS_NORECOMPUTE = OFF, IGNORE_DUP_KEY = OFF, ALLOW_ROW_LOCKS = ON, ALLOW_PAGE_LOCKS = ON) ON [PRIMARY]
) ON [PRIMARY]

GO
/****** Object:  Table [dbo].[RegionComuna]     ******/
SET ANSI_NULLS ON
GO
SET QUOTED_IDENTIFIER ON
GO
CREATE TABLE [dbo].[RegionComuna](
	[IdRegion] [int] NOT NULL,
	[IdComuna] [int] NOT NULL,
 CONSTRAINT [Key13] PRIMARY KEY CLUSTERED 
(
	[IdRegion] ASC,
	[IdComuna] ASC
)WITH (PAD_INDEX = OFF, STATISTICS_NORECOMPUTE = OFF, IGNORE_DUP_KEY = OFF, ALLOW_ROW_LOCKS = ON, ALLOW_PAGE_LOCKS = ON) ON [PRIMARY]
) ON [PRIMARY]

GO
/****** Object:  Table [dbo].[Sexo]     ******/
SET ANSI_NULLS ON
GO
SET QUOTED_IDENTIFIER ON
GO
CREATE TABLE [dbo].[Sexo](
	[IdSexo] [int] NOT NULL,
	[Descripcion] [nvarchar](10) NOT NULL,
 CONSTRAINT [Sexo_PK] PRIMARY KEY CLUSTERED 
(
	[IdSexo] ASC
)WITH (PAD_INDEX = OFF, STATISTICS_NORECOMPUTE = OFF, IGNORE_DUP_KEY = OFF, ALLOW_ROW_LOCKS = ON, ALLOW_PAGE_LOCKS = ON) ON [PRIMARY]
) ON [PRIMARY]

GO
/****** Object:  Table [dbo].[TipoContrato]     ******/
SET ANSI_NULLS ON
GO
SET QUOTED_IDENTIFIER ON
GO
CREATE TABLE [dbo].[TipoContrato](
	[IdTipoContrato] [int] NOT NULL,
	[Descripcion] [nvarchar](15) NOT NULL,
 CONSTRAINT [Key3] PRIMARY KEY CLUSTERED 
(
	[IdTipoContrato] ASC
)WITH (PAD_INDEX = OFF, STATISTICS_NORECOMPUTE = OFF, IGNORE_DUP_KEY = OFF, ALLOW_ROW_LOCKS = ON, ALLOW_PAGE_LOCKS = ON) ON [PRIMARY]
) ON [PRIMARY]

GO
/****** Object:  Table [dbo].[Vehiculo]     ******/
SET ANSI_NULLS ON
GO
SET QUOTED_IDENTIFIER ON
GO
CREATE TABLE [dbo].[Vehiculo](
	[Patente] [nvarchar](6) NOT NULL,
	[IdMarca] [int] NOT NULL,
	[IdModelo] [int] NOT NULL,
	[Anho] [int] NOT NULL,
 CONSTRAINT [Key4] PRIMARY KEY CLUSTERED 
(
	[Patente] ASC
)WITH (PAD_INDEX = OFF, STATISTICS_NORECOMPUTE = OFF, IGNORE_DUP_KEY = OFF, ALLOW_ROW_LOCKS = ON, ALLOW_PAGE_LOCKS = ON) ON [PRIMARY]
) ON [PRIMARY]

GO
/****** Object:  Table [dbo].[Vivienda]     ******/
SET ANSI_NULLS ON
GO
SET QUOTED_IDENTIFIER ON
GO
CREATE TABLE [dbo].[Vivienda](
	[CodigoPostal] [int] NOT NULL,
	[Anho] [int] NOT NULL,
	[Direccion] [nvarchar](20) NOT NULL,
	[ValorInmueble] [float] NOT NULL,
	[ValorContenido] [float] NOT NULL,
	[IdRegion] [int] NOT NULL,
	[IdComuna] [int] NOT NULL,
 CONSTRAINT [Key8] PRIMARY KEY CLUSTERED 
(
	[CodigoPostal] ASC
)WITH (PAD_INDEX = OFF, STATISTICS_NORECOMPUTE = OFF, IGNORE_DUP_KEY = OFF, ALLOW_ROW_LOCKS = ON, ALLOW_PAGE_LOCKS = ON) ON [PRIMARY]
) ON [PRIMARY]

GO
INSERT [dbo].[Comuna] ([IdComuna], [NombreComuna]) VALUES (1101, N'Iquique')
INSERT [dbo].[Comuna] ([IdComuna], [NombreComuna]) VALUES (1107, N'Alto Hospicio')
INSERT [dbo].[Comuna] ([IdComuna], [NombreComuna]) VALUES (1401, N'Pozo Almonte')
INSERT [dbo].[Comuna] ([IdComuna], [NombreComuna]) VALUES (1402, N'Camiña')
INSERT [dbo].[Comuna] ([IdComuna], [NombreComuna]) VALUES (1403, N'Colchane')
INSERT [dbo].[Comuna] ([IdComuna], [NombreComuna]) VALUES (1404, N'Huara')
INSERT [dbo].[Comuna] ([IdComuna], [NombreComuna]) VALUES (1405, N'Pica')
INSERT [dbo].[Comuna] ([IdComuna], [NombreComuna]) VALUES (2101, N'Antofagasta')
INSERT [dbo].[Comuna] ([IdComuna], [NombreComuna]) VALUES (2102, N'Mejillones')
INSERT [dbo].[Comuna] ([IdComuna], [NombreComuna]) VALUES (2103, N'Sierra Gorda')
INSERT [dbo].[Comuna] ([IdComuna], [NombreComuna]) VALUES (2104, N'Taltal')
INSERT [dbo].[Comuna] ([IdComuna], [NombreComuna]) VALUES (2201, N'Calama')
INSERT [dbo].[Comuna] ([IdComuna], [NombreComuna]) VALUES (2202, N'Ollagüe')
INSERT [dbo].[Comuna] ([IdComuna], [NombreComuna]) VALUES (2203, N'San Pedro de Atacama')
INSERT [dbo].[Comuna] ([IdComuna], [NombreComuna]) VALUES (2301, N'Tocopilla')
INSERT [dbo].[Comuna] ([IdComuna], [NombreComuna]) VALUES (2302, N'María Elena')
INSERT [dbo].[Comuna] ([IdComuna], [NombreComuna]) VALUES (3101, N'Copiapó')
INSERT [dbo].[Comuna] ([IdComuna], [NombreComuna]) VALUES (3102, N'Caldera')
INSERT [dbo].[Comuna] ([IdComuna], [NombreComuna]) VALUES (3103, N'Tierra Amarilla')
INSERT [dbo].[Comuna] ([IdComuna], [NombreComuna]) VALUES (3201, N'Chañaral')
INSERT [dbo].[Comuna] ([IdComuna], [NombreComuna]) VALUES (3202, N'Diego de Almagro')
INSERT [dbo].[Comuna] ([IdComuna], [NombreComuna]) VALUES (3301, N'Vallenar')
INSERT [dbo].[Comuna] ([IdComuna], [NombreComuna]) VALUES (3302, N'Alto del Carmen')
INSERT [dbo].[Comuna] ([IdComuna], [NombreComuna]) VALUES (3303, N'Freirina')
INSERT [dbo].[Comuna] ([IdComuna], [NombreComuna]) VALUES (3304, N'Huasco')
INSERT [dbo].[Comuna] ([IdComuna], [NombreComuna]) VALUES (4101, N'La Serena')
INSERT [dbo].[Comuna] ([IdComuna], [NombreComuna]) VALUES (4102, N'Coquimbo')
INSERT [dbo].[Comuna] ([IdComuna], [NombreComuna]) VALUES (4103, N'Andacollo')
INSERT [dbo].[Comuna] ([IdComuna], [NombreComuna]) VALUES (4104, N'La Higuera')
INSERT [dbo].[Comuna] ([IdComuna], [NombreComuna]) VALUES (4105, N'Paiguano')
INSERT [dbo].[Comuna] ([IdComuna], [NombreComuna]) VALUES (4106, N'Vicuña')
INSERT [dbo].[Comuna] ([IdComuna], [NombreComuna]) VALUES (4201, N'Illapel')
INSERT [dbo].[Comuna] ([IdComuna], [NombreComuna]) VALUES (4202, N'Canela')
INSERT [dbo].[Comuna] ([IdComuna], [NombreComuna]) VALUES (4203, N'Los Vilos')
INSERT [dbo].[Comuna] ([IdComuna], [NombreComuna]) VALUES (4204, N'Salamanca')
INSERT [dbo].[Comuna] ([IdComuna], [NombreComuna]) VALUES (4301, N'Ovalle')
INSERT [dbo].[Comuna] ([IdComuna], [NombreComuna]) VALUES (4302, N'Combarbalá')
INSERT [dbo].[Comuna] ([IdComuna], [NombreComuna]) VALUES (4303, N'Monte Patria')
INSERT [dbo].[Comuna] ([IdComuna], [NombreComuna]) VALUES (4304, N'Punitaqui')
INSERT [dbo].[Comuna] ([IdComuna], [NombreComuna]) VALUES (4305, N'Río Hurtado')
INSERT [dbo].[Comuna] ([IdComuna], [NombreComuna]) VALUES (5101, N'Valparaíso')
INSERT [dbo].[Comuna] ([IdComuna], [NombreComuna]) VALUES (5102, N'Casablanca')
INSERT [dbo].[Comuna] ([IdComuna], [NombreComuna]) VALUES (5103, N'Concón')
INSERT [dbo].[Comuna] ([IdComuna], [NombreComuna]) VALUES (5104, N'Juan Fernández')
INSERT [dbo].[Comuna] ([IdComuna], [NombreComuna]) VALUES (5105, N'Puchuncaví')
INSERT [dbo].[Comuna] ([IdComuna], [NombreComuna]) VALUES (5107, N'Quintero')
INSERT [dbo].[Comuna] ([IdComuna], [NombreComuna]) VALUES (5109, N'Viña del Mar')
INSERT [dbo].[Comuna] ([IdComuna], [NombreComuna]) VALUES (5201, N'Isla  de Pascua')
INSERT [dbo].[Comuna] ([IdComuna], [NombreComuna]) VALUES (5301, N'Los Andes')
INSERT [dbo].[Comuna] ([IdComuna], [NombreComuna]) VALUES (5302, N'Calle Larga')
INSERT [dbo].[Comuna] ([IdComuna], [NombreComuna]) VALUES (5303, N'Rinconada')
INSERT [dbo].[Comuna] ([IdComuna], [NombreComuna]) VALUES (5304, N'San Esteban')
INSERT [dbo].[Comuna] ([IdComuna], [NombreComuna]) VALUES (5401, N'La Ligua')
INSERT [dbo].[Comuna] ([IdComuna], [NombreComuna]) VALUES (5402, N'Cabildo')
INSERT [dbo].[Comuna] ([IdComuna], [NombreComuna]) VALUES (5403, N'Papudo')
INSERT [dbo].[Comuna] ([IdComuna], [NombreComuna]) VALUES (5404, N'Petorca')
INSERT [dbo].[Comuna] ([IdComuna], [NombreComuna]) VALUES (5405, N'Zapallar')
INSERT [dbo].[Comuna] ([IdComuna], [NombreComuna]) VALUES (5501, N'Quillota')
INSERT [dbo].[Comuna] ([IdComuna], [NombreComuna]) VALUES (5502, N'Calera')
INSERT [dbo].[Comuna] ([IdComuna], [NombreComuna]) VALUES (5503, N'Hijuelas')
INSERT [dbo].[Comuna] ([IdComuna], [NombreComuna]) VALUES (5504, N'La Cruz')
INSERT [dbo].[Comuna] ([IdComuna], [NombreComuna]) VALUES (5506, N'Nogales')
INSERT [dbo].[Comuna] ([IdComuna], [NombreComuna]) VALUES (5601, N'San Antonio')
INSERT [dbo].[Comuna] ([IdComuna], [NombreComuna]) VALUES (5602, N'Algarrobo')
INSERT [dbo].[Comuna] ([IdComuna], [NombreComuna]) VALUES (5603, N'Cartagena')
INSERT [dbo].[Comuna] ([IdComuna], [NombreComuna]) VALUES (5604, N'El Quisco')
INSERT [dbo].[Comuna] ([IdComuna], [NombreComuna]) VALUES (5605, N'El Tabo')
INSERT [dbo].[Comuna] ([IdComuna], [NombreComuna]) VALUES (5606, N'Santo Domingo')
INSERT [dbo].[Comuna] ([IdComuna], [NombreComuna]) VALUES (5701, N'San Felipe')
INSERT [dbo].[Comuna] ([IdComuna], [NombreComuna]) VALUES (5702, N'Catemu')
INSERT [dbo].[Comuna] ([IdComuna], [NombreComuna]) VALUES (5703, N'Llaillay')
INSERT [dbo].[Comuna] ([IdComuna], [NombreComuna]) VALUES (5704, N'Panquehue')
INSERT [dbo].[Comuna] ([IdComuna], [NombreComuna]) VALUES (5705, N'Putaendo')
INSERT [dbo].[Comuna] ([IdComuna], [NombreComuna]) VALUES (5706, N'Santa María')
INSERT [dbo].[Comuna] ([IdComuna], [NombreComuna]) VALUES (5801, N'Quilpué')
INSERT [dbo].[Comuna] ([IdComuna], [NombreComuna]) VALUES (5802, N'Limache')
INSERT [dbo].[Comuna] ([IdComuna], [NombreComuna]) VALUES (5803, N'Olmué')
INSERT [dbo].[Comuna] ([IdComuna], [NombreComuna]) VALUES (5804, N'Villa Alemana')
INSERT [dbo].[Comuna] ([IdComuna], [NombreComuna]) VALUES (6101, N'Rancagua')
INSERT [dbo].[Comuna] ([IdComuna], [NombreComuna]) VALUES (6102, N'Codegua')
INSERT [dbo].[Comuna] ([IdComuna], [NombreComuna]) VALUES (6103, N'Coinco')
INSERT [dbo].[Comuna] ([IdComuna], [NombreComuna]) VALUES (6104, N'Coltauco')
INSERT [dbo].[Comuna] ([IdComuna], [NombreComuna]) VALUES (6105, N'Doñihue')
INSERT [dbo].[Comuna] ([IdComuna], [NombreComuna]) VALUES (6106, N'Graneros')
INSERT [dbo].[Comuna] ([IdComuna], [NombreComuna]) VALUES (6107, N'Las Cabras')
INSERT [dbo].[Comuna] ([IdComuna], [NombreComuna]) VALUES (6108, N'Machalí')
INSERT [dbo].[Comuna] ([IdComuna], [NombreComuna]) VALUES (6109, N'Malloa')
INSERT [dbo].[Comuna] ([IdComuna], [NombreComuna]) VALUES (6110, N'Mostazal')
INSERT [dbo].[Comuna] ([IdComuna], [NombreComuna]) VALUES (6111, N'Olivar')
INSERT [dbo].[Comuna] ([IdComuna], [NombreComuna]) VALUES (6112, N'Peumo')
INSERT [dbo].[Comuna] ([IdComuna], [NombreComuna]) VALUES (6113, N'Pichidegua')
INSERT [dbo].[Comuna] ([IdComuna], [NombreComuna]) VALUES (6114, N'Quinta de Tilcoco')
INSERT [dbo].[Comuna] ([IdComuna], [NombreComuna]) VALUES (6115, N'Rengo')
INSERT [dbo].[Comuna] ([IdComuna], [NombreComuna]) VALUES (6116, N'Requínoa')
INSERT [dbo].[Comuna] ([IdComuna], [NombreComuna]) VALUES (6117, N'San Vicente')
INSERT [dbo].[Comuna] ([IdComuna], [NombreComuna]) VALUES (6201, N'Pichilemu')
INSERT [dbo].[Comuna] ([IdComuna], [NombreComuna]) VALUES (6202, N'La Estrella')
INSERT [dbo].[Comuna] ([IdComuna], [NombreComuna]) VALUES (6203, N'Litueche')
INSERT [dbo].[Comuna] ([IdComuna], [NombreComuna]) VALUES (6204, N'Marchihue')
INSERT [dbo].[Comuna] ([IdComuna], [NombreComuna]) VALUES (6205, N'Navidad')
GO
INSERT [dbo].[Comuna] ([IdComuna], [NombreComuna]) VALUES (6206, N'Paredones')
INSERT [dbo].[Comuna] ([IdComuna], [NombreComuna]) VALUES (6301, N'San Fernando')
INSERT [dbo].[Comuna] ([IdComuna], [NombreComuna]) VALUES (6302, N'Chépica')
INSERT [dbo].[Comuna] ([IdComuna], [NombreComuna]) VALUES (6303, N'Chimbarongo')
INSERT [dbo].[Comuna] ([IdComuna], [NombreComuna]) VALUES (6304, N'Lolol')
INSERT [dbo].[Comuna] ([IdComuna], [NombreComuna]) VALUES (6305, N'Nancagua')
INSERT [dbo].[Comuna] ([IdComuna], [NombreComuna]) VALUES (6306, N'Palmilla')
INSERT [dbo].[Comuna] ([IdComuna], [NombreComuna]) VALUES (6307, N'Peralillo')
INSERT [dbo].[Comuna] ([IdComuna], [NombreComuna]) VALUES (6308, N'Placilla')
INSERT [dbo].[Comuna] ([IdComuna], [NombreComuna]) VALUES (6309, N'Pumanque')
INSERT [dbo].[Comuna] ([IdComuna], [NombreComuna]) VALUES (6310, N'Santa Cruz')
INSERT [dbo].[Comuna] ([IdComuna], [NombreComuna]) VALUES (7101, N'Talca')
INSERT [dbo].[Comuna] ([IdComuna], [NombreComuna]) VALUES (7102, N'Constitución')
INSERT [dbo].[Comuna] ([IdComuna], [NombreComuna]) VALUES (7103, N'Curepto')
INSERT [dbo].[Comuna] ([IdComuna], [NombreComuna]) VALUES (7104, N'Empedrado')
INSERT [dbo].[Comuna] ([IdComuna], [NombreComuna]) VALUES (7105, N'Maule')
INSERT [dbo].[Comuna] ([IdComuna], [NombreComuna]) VALUES (7106, N'Pelarco')
INSERT [dbo].[Comuna] ([IdComuna], [NombreComuna]) VALUES (7107, N'Pencahue')
INSERT [dbo].[Comuna] ([IdComuna], [NombreComuna]) VALUES (7108, N'Río Claro')
INSERT [dbo].[Comuna] ([IdComuna], [NombreComuna]) VALUES (7109, N'San Clemente')
INSERT [dbo].[Comuna] ([IdComuna], [NombreComuna]) VALUES (7110, N'San Rafael')
INSERT [dbo].[Comuna] ([IdComuna], [NombreComuna]) VALUES (7201, N'Cauquenes')
INSERT [dbo].[Comuna] ([IdComuna], [NombreComuna]) VALUES (7202, N'Chanco')
INSERT [dbo].[Comuna] ([IdComuna], [NombreComuna]) VALUES (7203, N'Pelluhue')
INSERT [dbo].[Comuna] ([IdComuna], [NombreComuna]) VALUES (7301, N'Curicó')
INSERT [dbo].[Comuna] ([IdComuna], [NombreComuna]) VALUES (7302, N'Hualañé')
INSERT [dbo].[Comuna] ([IdComuna], [NombreComuna]) VALUES (7303, N'Licantén')
INSERT [dbo].[Comuna] ([IdComuna], [NombreComuna]) VALUES (7304, N'Molina')
INSERT [dbo].[Comuna] ([IdComuna], [NombreComuna]) VALUES (7305, N'Rauco')
INSERT [dbo].[Comuna] ([IdComuna], [NombreComuna]) VALUES (7306, N'Romeral')
INSERT [dbo].[Comuna] ([IdComuna], [NombreComuna]) VALUES (7307, N'Sagrada Familia')
INSERT [dbo].[Comuna] ([IdComuna], [NombreComuna]) VALUES (7308, N'Teno')
INSERT [dbo].[Comuna] ([IdComuna], [NombreComuna]) VALUES (7309, N'Vichuquén')
INSERT [dbo].[Comuna] ([IdComuna], [NombreComuna]) VALUES (7401, N'Linares')
INSERT [dbo].[Comuna] ([IdComuna], [NombreComuna]) VALUES (7402, N'Colbún')
INSERT [dbo].[Comuna] ([IdComuna], [NombreComuna]) VALUES (7403, N'Longaví')
INSERT [dbo].[Comuna] ([IdComuna], [NombreComuna]) VALUES (7404, N'Parral')
INSERT [dbo].[Comuna] ([IdComuna], [NombreComuna]) VALUES (7405, N'Retiro')
INSERT [dbo].[Comuna] ([IdComuna], [NombreComuna]) VALUES (7406, N'San Javier')
INSERT [dbo].[Comuna] ([IdComuna], [NombreComuna]) VALUES (7407, N'Villa Alegre')
INSERT [dbo].[Comuna] ([IdComuna], [NombreComuna]) VALUES (7408, N'Yerbas Buenas')
INSERT [dbo].[Comuna] ([IdComuna], [NombreComuna]) VALUES (8101, N'Concepción')
INSERT [dbo].[Comuna] ([IdComuna], [NombreComuna]) VALUES (8102, N'Coronel')
INSERT [dbo].[Comuna] ([IdComuna], [NombreComuna]) VALUES (8103, N'Chiguayante')
INSERT [dbo].[Comuna] ([IdComuna], [NombreComuna]) VALUES (8104, N'Florida')
INSERT [dbo].[Comuna] ([IdComuna], [NombreComuna]) VALUES (8105, N'Hualqui')
INSERT [dbo].[Comuna] ([IdComuna], [NombreComuna]) VALUES (8106, N'Lota')
INSERT [dbo].[Comuna] ([IdComuna], [NombreComuna]) VALUES (8107, N'Penco')
INSERT [dbo].[Comuna] ([IdComuna], [NombreComuna]) VALUES (8108, N'San Pedro de la Paz')
INSERT [dbo].[Comuna] ([IdComuna], [NombreComuna]) VALUES (8109, N'Santa Juana')
INSERT [dbo].[Comuna] ([IdComuna], [NombreComuna]) VALUES (8110, N'Talcahuano')
INSERT [dbo].[Comuna] ([IdComuna], [NombreComuna]) VALUES (8111, N'Tomé')
INSERT [dbo].[Comuna] ([IdComuna], [NombreComuna]) VALUES (8112, N'Hualpén')
INSERT [dbo].[Comuna] ([IdComuna], [NombreComuna]) VALUES (8201, N'Lebu')
INSERT [dbo].[Comuna] ([IdComuna], [NombreComuna]) VALUES (8202, N'Arauco')
INSERT [dbo].[Comuna] ([IdComuna], [NombreComuna]) VALUES (8203, N'Cañete')
INSERT [dbo].[Comuna] ([IdComuna], [NombreComuna]) VALUES (8204, N'Contulmo')
INSERT [dbo].[Comuna] ([IdComuna], [NombreComuna]) VALUES (8205, N'Curanilahue')
INSERT [dbo].[Comuna] ([IdComuna], [NombreComuna]) VALUES (8206, N'Los Álamos')
INSERT [dbo].[Comuna] ([IdComuna], [NombreComuna]) VALUES (8207, N'Tirúa')
INSERT [dbo].[Comuna] ([IdComuna], [NombreComuna]) VALUES (8301, N'Los Ángeles')
INSERT [dbo].[Comuna] ([IdComuna], [NombreComuna]) VALUES (8302, N'Antuco')
INSERT [dbo].[Comuna] ([IdComuna], [NombreComuna]) VALUES (8303, N'Cabrero')
INSERT [dbo].[Comuna] ([IdComuna], [NombreComuna]) VALUES (8304, N'Laja')
INSERT [dbo].[Comuna] ([IdComuna], [NombreComuna]) VALUES (8305, N'Mulchén')
INSERT [dbo].[Comuna] ([IdComuna], [NombreComuna]) VALUES (8306, N'Nacimiento')
INSERT [dbo].[Comuna] ([IdComuna], [NombreComuna]) VALUES (8307, N'Negrete')
INSERT [dbo].[Comuna] ([IdComuna], [NombreComuna]) VALUES (8308, N'Quilaco')
INSERT [dbo].[Comuna] ([IdComuna], [NombreComuna]) VALUES (8309, N'Quilleco')
INSERT [dbo].[Comuna] ([IdComuna], [NombreComuna]) VALUES (8310, N'San Rosendo')
INSERT [dbo].[Comuna] ([IdComuna], [NombreComuna]) VALUES (8311, N'Santa Bárbara')
INSERT [dbo].[Comuna] ([IdComuna], [NombreComuna]) VALUES (8312, N'Tucapel')
INSERT [dbo].[Comuna] ([IdComuna], [NombreComuna]) VALUES (8313, N'Yumbel')
INSERT [dbo].[Comuna] ([IdComuna], [NombreComuna]) VALUES (8314, N'Alto Biobío')
INSERT [dbo].[Comuna] ([IdComuna], [NombreComuna]) VALUES (8401, N'Chillán')
INSERT [dbo].[Comuna] ([IdComuna], [NombreComuna]) VALUES (8402, N'Bulnes')
INSERT [dbo].[Comuna] ([IdComuna], [NombreComuna]) VALUES (8403, N'Cobquecura')
INSERT [dbo].[Comuna] ([IdComuna], [NombreComuna]) VALUES (8404, N'Coelemu')
INSERT [dbo].[Comuna] ([IdComuna], [NombreComuna]) VALUES (8405, N'Coihueco')
INSERT [dbo].[Comuna] ([IdComuna], [NombreComuna]) VALUES (8406, N'Chillán Viejo')
INSERT [dbo].[Comuna] ([IdComuna], [NombreComuna]) VALUES (8407, N'El Carmen')
INSERT [dbo].[Comuna] ([IdComuna], [NombreComuna]) VALUES (8408, N'Ninhue')
INSERT [dbo].[Comuna] ([IdComuna], [NombreComuna]) VALUES (8409, N'Ñiquén')
INSERT [dbo].[Comuna] ([IdComuna], [NombreComuna]) VALUES (8410, N'Pemuco')
INSERT [dbo].[Comuna] ([IdComuna], [NombreComuna]) VALUES (8411, N'Pinto')
INSERT [dbo].[Comuna] ([IdComuna], [NombreComuna]) VALUES (8412, N'Portezuelo')
INSERT [dbo].[Comuna] ([IdComuna], [NombreComuna]) VALUES (8413, N'Quillón')
INSERT [dbo].[Comuna] ([IdComuna], [NombreComuna]) VALUES (8414, N'Quirihue')
INSERT [dbo].[Comuna] ([IdComuna], [NombreComuna]) VALUES (8415, N'Ránquil')
INSERT [dbo].[Comuna] ([IdComuna], [NombreComuna]) VALUES (8416, N'San Carlos')
INSERT [dbo].[Comuna] ([IdComuna], [NombreComuna]) VALUES (8417, N'San Fabián')
INSERT [dbo].[Comuna] ([IdComuna], [NombreComuna]) VALUES (8418, N'San Ignacio')
INSERT [dbo].[Comuna] ([IdComuna], [NombreComuna]) VALUES (8419, N'San Nicolás')
INSERT [dbo].[Comuna] ([IdComuna], [NombreComuna]) VALUES (8420, N'Treguaco')
INSERT [dbo].[Comuna] ([IdComuna], [NombreComuna]) VALUES (8421, N'Yungay')
INSERT [dbo].[Comuna] ([IdComuna], [NombreComuna]) VALUES (9101, N'Temuco')
INSERT [dbo].[Comuna] ([IdComuna], [NombreComuna]) VALUES (9102, N'Carahue')
INSERT [dbo].[Comuna] ([IdComuna], [NombreComuna]) VALUES (9103, N'Cunco')
INSERT [dbo].[Comuna] ([IdComuna], [NombreComuna]) VALUES (9104, N'Curarrehue')
INSERT [dbo].[Comuna] ([IdComuna], [NombreComuna]) VALUES (9105, N'Freire')
GO
INSERT [dbo].[Comuna] ([IdComuna], [NombreComuna]) VALUES (9106, N'Galvarino')
INSERT [dbo].[Comuna] ([IdComuna], [NombreComuna]) VALUES (9107, N'Gorbea')
INSERT [dbo].[Comuna] ([IdComuna], [NombreComuna]) VALUES (9108, N'Lautaro')
INSERT [dbo].[Comuna] ([IdComuna], [NombreComuna]) VALUES (9109, N'Loncoche')
INSERT [dbo].[Comuna] ([IdComuna], [NombreComuna]) VALUES (9110, N'Melipeuco')
INSERT [dbo].[Comuna] ([IdComuna], [NombreComuna]) VALUES (9111, N'Nueva Imperial')
INSERT [dbo].[Comuna] ([IdComuna], [NombreComuna]) VALUES (9112, N'Padre Las Casas')
INSERT [dbo].[Comuna] ([IdComuna], [NombreComuna]) VALUES (9113, N'Perquenco')
INSERT [dbo].[Comuna] ([IdComuna], [NombreComuna]) VALUES (9114, N'Pitrufquén')
INSERT [dbo].[Comuna] ([IdComuna], [NombreComuna]) VALUES (9115, N'Pucón')
INSERT [dbo].[Comuna] ([IdComuna], [NombreComuna]) VALUES (9116, N'Saavedra')
INSERT [dbo].[Comuna] ([IdComuna], [NombreComuna]) VALUES (9117, N'Teodoro Schmidt')
INSERT [dbo].[Comuna] ([IdComuna], [NombreComuna]) VALUES (9118, N'Toltén')
INSERT [dbo].[Comuna] ([IdComuna], [NombreComuna]) VALUES (9119, N'Vilcún')
INSERT [dbo].[Comuna] ([IdComuna], [NombreComuna]) VALUES (9120, N'Villarrica')
INSERT [dbo].[Comuna] ([IdComuna], [NombreComuna]) VALUES (9121, N'Cholchol')
INSERT [dbo].[Comuna] ([IdComuna], [NombreComuna]) VALUES (9201, N'Angol')
INSERT [dbo].[Comuna] ([IdComuna], [NombreComuna]) VALUES (9202, N'Collipulli')
INSERT [dbo].[Comuna] ([IdComuna], [NombreComuna]) VALUES (9203, N'Curacautín')
INSERT [dbo].[Comuna] ([IdComuna], [NombreComuna]) VALUES (9204, N'Ercilla')
INSERT [dbo].[Comuna] ([IdComuna], [NombreComuna]) VALUES (9205, N'Lonquimay')
INSERT [dbo].[Comuna] ([IdComuna], [NombreComuna]) VALUES (9206, N'Los Sauces')
INSERT [dbo].[Comuna] ([IdComuna], [NombreComuna]) VALUES (9207, N'Lumaco')
INSERT [dbo].[Comuna] ([IdComuna], [NombreComuna]) VALUES (9208, N'Purén')
INSERT [dbo].[Comuna] ([IdComuna], [NombreComuna]) VALUES (9209, N'Renaico')
INSERT [dbo].[Comuna] ([IdComuna], [NombreComuna]) VALUES (9210, N'Traiguén')
INSERT [dbo].[Comuna] ([IdComuna], [NombreComuna]) VALUES (9211, N'Victoria')
INSERT [dbo].[Comuna] ([IdComuna], [NombreComuna]) VALUES (10101, N'Puerto Montt')
INSERT [dbo].[Comuna] ([IdComuna], [NombreComuna]) VALUES (10102, N'Calbuco')
INSERT [dbo].[Comuna] ([IdComuna], [NombreComuna]) VALUES (10103, N'Cochamó')
INSERT [dbo].[Comuna] ([IdComuna], [NombreComuna]) VALUES (10104, N'Fresia')
INSERT [dbo].[Comuna] ([IdComuna], [NombreComuna]) VALUES (10105, N'Frutillar')
INSERT [dbo].[Comuna] ([IdComuna], [NombreComuna]) VALUES (10106, N'Los Muermos')
INSERT [dbo].[Comuna] ([IdComuna], [NombreComuna]) VALUES (10107, N'Llanquihue')
INSERT [dbo].[Comuna] ([IdComuna], [NombreComuna]) VALUES (10108, N'Maullín')
INSERT [dbo].[Comuna] ([IdComuna], [NombreComuna]) VALUES (10109, N'Puerto Varas')
INSERT [dbo].[Comuna] ([IdComuna], [NombreComuna]) VALUES (10201, N'Castro')
INSERT [dbo].[Comuna] ([IdComuna], [NombreComuna]) VALUES (10202, N'Ancud')
INSERT [dbo].[Comuna] ([IdComuna], [NombreComuna]) VALUES (10203, N'Chonchi')
INSERT [dbo].[Comuna] ([IdComuna], [NombreComuna]) VALUES (10204, N'Curaco de Vélez')
INSERT [dbo].[Comuna] ([IdComuna], [NombreComuna]) VALUES (10205, N'Dalcahue')
INSERT [dbo].[Comuna] ([IdComuna], [NombreComuna]) VALUES (10206, N'Puqueldón')
INSERT [dbo].[Comuna] ([IdComuna], [NombreComuna]) VALUES (10207, N'Queilén')
INSERT [dbo].[Comuna] ([IdComuna], [NombreComuna]) VALUES (10208, N'Quellón')
INSERT [dbo].[Comuna] ([IdComuna], [NombreComuna]) VALUES (10209, N'Quemchi')
INSERT [dbo].[Comuna] ([IdComuna], [NombreComuna]) VALUES (10210, N'Quinchao')
INSERT [dbo].[Comuna] ([IdComuna], [NombreComuna]) VALUES (10301, N'Osorno')
INSERT [dbo].[Comuna] ([IdComuna], [NombreComuna]) VALUES (10302, N'Puerto Octay')
INSERT [dbo].[Comuna] ([IdComuna], [NombreComuna]) VALUES (10303, N'Purranque')
INSERT [dbo].[Comuna] ([IdComuna], [NombreComuna]) VALUES (10304, N'Puyehue')
INSERT [dbo].[Comuna] ([IdComuna], [NombreComuna]) VALUES (10305, N'Río Negro')
INSERT [dbo].[Comuna] ([IdComuna], [NombreComuna]) VALUES (10306, N'San Juan de la Costa')
INSERT [dbo].[Comuna] ([IdComuna], [NombreComuna]) VALUES (10307, N'San Pablo')
INSERT [dbo].[Comuna] ([IdComuna], [NombreComuna]) VALUES (10401, N'Chaitén')
INSERT [dbo].[Comuna] ([IdComuna], [NombreComuna]) VALUES (10402, N'Futaleufú')
INSERT [dbo].[Comuna] ([IdComuna], [NombreComuna]) VALUES (10403, N'Hualaihué')
INSERT [dbo].[Comuna] ([IdComuna], [NombreComuna]) VALUES (10404, N'Palena')
INSERT [dbo].[Comuna] ([IdComuna], [NombreComuna]) VALUES (11101, N'Coihaique')
INSERT [dbo].[Comuna] ([IdComuna], [NombreComuna]) VALUES (11102, N'Lago Verde')
INSERT [dbo].[Comuna] ([IdComuna], [NombreComuna]) VALUES (11201, N'Aisén')
INSERT [dbo].[Comuna] ([IdComuna], [NombreComuna]) VALUES (11202, N'Cisnes')
INSERT [dbo].[Comuna] ([IdComuna], [NombreComuna]) VALUES (11203, N'Guaitecas')
INSERT [dbo].[Comuna] ([IdComuna], [NombreComuna]) VALUES (11301, N'Cochrane')
INSERT [dbo].[Comuna] ([IdComuna], [NombreComuna]) VALUES (11302, N'O''Higgins')
INSERT [dbo].[Comuna] ([IdComuna], [NombreComuna]) VALUES (11303, N'Tortel')
INSERT [dbo].[Comuna] ([IdComuna], [NombreComuna]) VALUES (11401, N'Chile Chico')
INSERT [dbo].[Comuna] ([IdComuna], [NombreComuna]) VALUES (11402, N'Río Ibáñez')
INSERT [dbo].[Comuna] ([IdComuna], [NombreComuna]) VALUES (12101, N'Punta Arenas')
INSERT [dbo].[Comuna] ([IdComuna], [NombreComuna]) VALUES (12102, N'Laguna Blanca')
INSERT [dbo].[Comuna] ([IdComuna], [NombreComuna]) VALUES (12103, N'Río Verde')
INSERT [dbo].[Comuna] ([IdComuna], [NombreComuna]) VALUES (12104, N'San Gregorio')
INSERT [dbo].[Comuna] ([IdComuna], [NombreComuna]) VALUES (12201, N'Cabo de Hornos')
INSERT [dbo].[Comuna] ([IdComuna], [NombreComuna]) VALUES (12202, N'Antártica')
INSERT [dbo].[Comuna] ([IdComuna], [NombreComuna]) VALUES (12301, N'Porvenir')
INSERT [dbo].[Comuna] ([IdComuna], [NombreComuna]) VALUES (12302, N'Primavera')
INSERT [dbo].[Comuna] ([IdComuna], [NombreComuna]) VALUES (12303, N'Timaukel')
INSERT [dbo].[Comuna] ([IdComuna], [NombreComuna]) VALUES (12401, N'Natales')
INSERT [dbo].[Comuna] ([IdComuna], [NombreComuna]) VALUES (12402, N'Torres del Paine')
INSERT [dbo].[Comuna] ([IdComuna], [NombreComuna]) VALUES (13101, N'Santiago')
INSERT [dbo].[Comuna] ([IdComuna], [NombreComuna]) VALUES (13102, N'Cerrillos')
INSERT [dbo].[Comuna] ([IdComuna], [NombreComuna]) VALUES (13103, N'Cerro Navia')
INSERT [dbo].[Comuna] ([IdComuna], [NombreComuna]) VALUES (13104, N'Conchalí')
INSERT [dbo].[Comuna] ([IdComuna], [NombreComuna]) VALUES (13105, N'El Bosque')
INSERT [dbo].[Comuna] ([IdComuna], [NombreComuna]) VALUES (13106, N'Estación Central')
INSERT [dbo].[Comuna] ([IdComuna], [NombreComuna]) VALUES (13107, N'Huechuraba')
INSERT [dbo].[Comuna] ([IdComuna], [NombreComuna]) VALUES (13108, N'Independencia')
INSERT [dbo].[Comuna] ([IdComuna], [NombreComuna]) VALUES (13109, N'La Cisterna')
INSERT [dbo].[Comuna] ([IdComuna], [NombreComuna]) VALUES (13110, N'La Florida')
INSERT [dbo].[Comuna] ([IdComuna], [NombreComuna]) VALUES (13111, N'La Granja')
INSERT [dbo].[Comuna] ([IdComuna], [NombreComuna]) VALUES (13112, N'La Pintana')
INSERT [dbo].[Comuna] ([IdComuna], [NombreComuna]) VALUES (13113, N'La Reina')
INSERT [dbo].[Comuna] ([IdComuna], [NombreComuna]) VALUES (13114, N'Las Condes')
INSERT [dbo].[Comuna] ([IdComuna], [NombreComuna]) VALUES (13115, N'Lo Barnechea')
INSERT [dbo].[Comuna] ([IdComuna], [NombreComuna]) VALUES (13116, N'Lo Espejo')
INSERT [dbo].[Comuna] ([IdComuna], [NombreComuna]) VALUES (13117, N'Lo Prado')
INSERT [dbo].[Comuna] ([IdComuna], [NombreComuna]) VALUES (13118, N'Macul')
INSERT [dbo].[Comuna] ([IdComuna], [NombreComuna]) VALUES (13119, N'Maipú')
INSERT [dbo].[Comuna] ([IdComuna], [NombreComuna]) VALUES (13120, N'Ñuñoa')
INSERT [dbo].[Comuna] ([IdComuna], [NombreComuna]) VALUES (13121, N'Pedro Aguirre Cerda')
INSERT [dbo].[Comuna] ([IdComuna], [NombreComuna]) VALUES (13122, N'Peñalolén')
GO
INSERT [dbo].[Comuna] ([IdComuna], [NombreComuna]) VALUES (13123, N'Providencia')
INSERT [dbo].[Comuna] ([IdComuna], [NombreComuna]) VALUES (13124, N'Pudahuel')
INSERT [dbo].[Comuna] ([IdComuna], [NombreComuna]) VALUES (13125, N'Quilicura')
INSERT [dbo].[Comuna] ([IdComuna], [NombreComuna]) VALUES (13126, N'Quinta Normal')
INSERT [dbo].[Comuna] ([IdComuna], [NombreComuna]) VALUES (13127, N'Recoleta')
INSERT [dbo].[Comuna] ([IdComuna], [NombreComuna]) VALUES (13128, N'Renca')
INSERT [dbo].[Comuna] ([IdComuna], [NombreComuna]) VALUES (13129, N'San Joaquín')
INSERT [dbo].[Comuna] ([IdComuna], [NombreComuna]) VALUES (13130, N'San Miguel')
INSERT [dbo].[Comuna] ([IdComuna], [NombreComuna]) VALUES (13131, N'San Ramón')
INSERT [dbo].[Comuna] ([IdComuna], [NombreComuna]) VALUES (13132, N'Vitacura')
INSERT [dbo].[Comuna] ([IdComuna], [NombreComuna]) VALUES (13201, N'Puente Alto')
INSERT [dbo].[Comuna] ([IdComuna], [NombreComuna]) VALUES (13202, N'Pirque')
INSERT [dbo].[Comuna] ([IdComuna], [NombreComuna]) VALUES (13203, N'San José de Maipo')
INSERT [dbo].[Comuna] ([IdComuna], [NombreComuna]) VALUES (13301, N'Colina')
INSERT [dbo].[Comuna] ([IdComuna], [NombreComuna]) VALUES (13302, N'Lampa')
INSERT [dbo].[Comuna] ([IdComuna], [NombreComuna]) VALUES (13303, N'Tiltil')
INSERT [dbo].[Comuna] ([IdComuna], [NombreComuna]) VALUES (13401, N'San Bernardo')
INSERT [dbo].[Comuna] ([IdComuna], [NombreComuna]) VALUES (13402, N'Buin')
INSERT [dbo].[Comuna] ([IdComuna], [NombreComuna]) VALUES (13403, N'Calera de Tango')
INSERT [dbo].[Comuna] ([IdComuna], [NombreComuna]) VALUES (13404, N'Paine')
INSERT [dbo].[Comuna] ([IdComuna], [NombreComuna]) VALUES (13501, N'Melipilla')
INSERT [dbo].[Comuna] ([IdComuna], [NombreComuna]) VALUES (13502, N'Alhué')
INSERT [dbo].[Comuna] ([IdComuna], [NombreComuna]) VALUES (13503, N'Curacaví')
INSERT [dbo].[Comuna] ([IdComuna], [NombreComuna]) VALUES (13504, N'María Pinto')
INSERT [dbo].[Comuna] ([IdComuna], [NombreComuna]) VALUES (13505, N'San Pedro')
INSERT [dbo].[Comuna] ([IdComuna], [NombreComuna]) VALUES (13601, N'Talagante')
INSERT [dbo].[Comuna] ([IdComuna], [NombreComuna]) VALUES (13602, N'El Monte')
INSERT [dbo].[Comuna] ([IdComuna], [NombreComuna]) VALUES (13603, N'Isla de Maipo')
INSERT [dbo].[Comuna] ([IdComuna], [NombreComuna]) VALUES (13604, N'Padre Hurtado')
INSERT [dbo].[Comuna] ([IdComuna], [NombreComuna]) VALUES (13605, N'Peñaflor')
INSERT [dbo].[Comuna] ([IdComuna], [NombreComuna]) VALUES (14101, N'Valdivia')
INSERT [dbo].[Comuna] ([IdComuna], [NombreComuna]) VALUES (14102, N'Corral')
INSERT [dbo].[Comuna] ([IdComuna], [NombreComuna]) VALUES (14103, N'Lanco')
INSERT [dbo].[Comuna] ([IdComuna], [NombreComuna]) VALUES (14104, N'Los Lagos')
INSERT [dbo].[Comuna] ([IdComuna], [NombreComuna]) VALUES (14105, N'Máfil')
INSERT [dbo].[Comuna] ([IdComuna], [NombreComuna]) VALUES (14106, N'Mariquina')
INSERT [dbo].[Comuna] ([IdComuna], [NombreComuna]) VALUES (14107, N'Paillaco')
INSERT [dbo].[Comuna] ([IdComuna], [NombreComuna]) VALUES (14108, N'Panguipulli')
INSERT [dbo].[Comuna] ([IdComuna], [NombreComuna]) VALUES (14201, N'La Unión')
INSERT [dbo].[Comuna] ([IdComuna], [NombreComuna]) VALUES (14202, N'Futrono')
INSERT [dbo].[Comuna] ([IdComuna], [NombreComuna]) VALUES (14203, N'Lago Ranco')
INSERT [dbo].[Comuna] ([IdComuna], [NombreComuna]) VALUES (14204, N'Río Bueno')
INSERT [dbo].[Comuna] ([IdComuna], [NombreComuna]) VALUES (15101, N'Arica')
INSERT [dbo].[Comuna] ([IdComuna], [NombreComuna]) VALUES (15102, N'Camarones')
INSERT [dbo].[Comuna] ([IdComuna], [NombreComuna]) VALUES (15201, N'Putre')
INSERT [dbo].[Comuna] ([IdComuna], [NombreComuna]) VALUES (15202, N'General Lagos')
INSERT [dbo].[EstadoCivil] ([IdEstadoCivil], [Descripcion]) VALUES (1, N'Soltero')
INSERT [dbo].[EstadoCivil] ([IdEstadoCivil], [Descripcion]) VALUES (2, N'Casado')
INSERT [dbo].[EstadoCivil] ([IdEstadoCivil], [Descripcion]) VALUES (3, N'Divorciado')
INSERT [dbo].[EstadoCivil] ([IdEstadoCivil], [Descripcion]) VALUES (4, N'Viudo')
INSERT [dbo].[MarcaModeloVehiculo] ([IdMarca], [IdModelo]) VALUES (1, 1)
INSERT [dbo].[MarcaModeloVehiculo] ([IdMarca], [IdModelo]) VALUES (1, 2)
INSERT [dbo].[MarcaModeloVehiculo] ([IdMarca], [IdModelo]) VALUES (1, 3)
INSERT [dbo].[MarcaModeloVehiculo] ([IdMarca], [IdModelo]) VALUES (1, 4)
INSERT [dbo].[MarcaModeloVehiculo] ([IdMarca], [IdModelo]) VALUES (1, 5)
INSERT [dbo].[MarcaModeloVehiculo] ([IdMarca], [IdModelo]) VALUES (1, 6)
INSERT [dbo].[MarcaModeloVehiculo] ([IdMarca], [IdModelo]) VALUES (2, 7)
INSERT [dbo].[MarcaModeloVehiculo] ([IdMarca], [IdModelo]) VALUES (2, 8)
INSERT [dbo].[MarcaModeloVehiculo] ([IdMarca], [IdModelo]) VALUES (2, 9)
INSERT [dbo].[MarcaModeloVehiculo] ([IdMarca], [IdModelo]) VALUES (2, 10)
INSERT [dbo].[MarcaModeloVehiculo] ([IdMarca], [IdModelo]) VALUES (2, 11)
INSERT [dbo].[MarcaModeloVehiculo] ([IdMarca], [IdModelo]) VALUES (2, 12)
INSERT [dbo].[MarcaModeloVehiculo] ([IdMarca], [IdModelo]) VALUES (2, 13)
INSERT [dbo].[MarcaModeloVehiculo] ([IdMarca], [IdModelo]) VALUES (2, 14)
INSERT [dbo].[MarcaModeloVehiculo] ([IdMarca], [IdModelo]) VALUES (2, 15)
INSERT [dbo].[MarcaModeloVehiculo] ([IdMarca], [IdModelo]) VALUES (2, 16)
INSERT [dbo].[MarcaModeloVehiculo] ([IdMarca], [IdModelo]) VALUES (2, 17)
INSERT [dbo].[MarcaModeloVehiculo] ([IdMarca], [IdModelo]) VALUES (2, 18)
INSERT [dbo].[MarcaModeloVehiculo] ([IdMarca], [IdModelo]) VALUES (2, 19)
INSERT [dbo].[MarcaModeloVehiculo] ([IdMarca], [IdModelo]) VALUES (2, 20)
INSERT [dbo].[MarcaModeloVehiculo] ([IdMarca], [IdModelo]) VALUES (2, 21)
INSERT [dbo].[MarcaModeloVehiculo] ([IdMarca], [IdModelo]) VALUES (2, 22)
INSERT [dbo].[MarcaModeloVehiculo] ([IdMarca], [IdModelo]) VALUES (2, 23)
INSERT [dbo].[MarcaModeloVehiculo] ([IdMarca], [IdModelo]) VALUES (2, 24)
INSERT [dbo].[MarcaModeloVehiculo] ([IdMarca], [IdModelo]) VALUES (2, 25)
INSERT [dbo].[MarcaModeloVehiculo] ([IdMarca], [IdModelo]) VALUES (3, 26)
INSERT [dbo].[MarcaModeloVehiculo] ([IdMarca], [IdModelo]) VALUES (3, 27)
INSERT [dbo].[MarcaModeloVehiculo] ([IdMarca], [IdModelo]) VALUES (3, 28)
INSERT [dbo].[MarcaModeloVehiculo] ([IdMarca], [IdModelo]) VALUES (3, 29)
INSERT [dbo].[MarcaModeloVehiculo] ([IdMarca], [IdModelo]) VALUES (4, 30)
INSERT [dbo].[MarcaModeloVehiculo] ([IdMarca], [IdModelo]) VALUES (5, 31)
INSERT [dbo].[MarcaModeloVehiculo] ([IdMarca], [IdModelo]) VALUES (6, 32)
INSERT [dbo].[MarcaModeloVehiculo] ([IdMarca], [IdModelo]) VALUES (6, 33)
INSERT [dbo].[MarcaModeloVehiculo] ([IdMarca], [IdModelo]) VALUES (6, 34)
INSERT [dbo].[MarcaModeloVehiculo] ([IdMarca], [IdModelo]) VALUES (6, 35)
INSERT [dbo].[MarcaModeloVehiculo] ([IdMarca], [IdModelo]) VALUES (6, 36)
INSERT [dbo].[MarcaModeloVehiculo] ([IdMarca], [IdModelo]) VALUES (6, 37)
INSERT [dbo].[MarcaModeloVehiculo] ([IdMarca], [IdModelo]) VALUES (6, 38)
INSERT [dbo].[MarcaModeloVehiculo] ([IdMarca], [IdModelo]) VALUES (6, 39)
INSERT [dbo].[MarcaModeloVehiculo] ([IdMarca], [IdModelo]) VALUES (6, 40)
INSERT [dbo].[MarcaModeloVehiculo] ([IdMarca], [IdModelo]) VALUES (6, 41)
INSERT [dbo].[MarcaModeloVehiculo] ([IdMarca], [IdModelo]) VALUES (6, 42)
INSERT [dbo].[MarcaModeloVehiculo] ([IdMarca], [IdModelo]) VALUES (6, 43)
INSERT [dbo].[MarcaModeloVehiculo] ([IdMarca], [IdModelo]) VALUES (6, 44)
INSERT [dbo].[MarcaModeloVehiculo] ([IdMarca], [IdModelo]) VALUES (7, 45)
INSERT [dbo].[MarcaModeloVehiculo] ([IdMarca], [IdModelo]) VALUES (7, 46)
INSERT [dbo].[MarcaModeloVehiculo] ([IdMarca], [IdModelo]) VALUES (7, 47)
INSERT [dbo].[MarcaModeloVehiculo] ([IdMarca], [IdModelo]) VALUES (7, 48)
INSERT [dbo].[MarcaModeloVehiculo] ([IdMarca], [IdModelo]) VALUES (7, 49)
INSERT [dbo].[MarcaModeloVehiculo] ([IdMarca], [IdModelo]) VALUES (7, 50)
INSERT [dbo].[MarcaModeloVehiculo] ([IdMarca], [IdModelo]) VALUES (7, 51)
INSERT [dbo].[MarcaModeloVehiculo] ([IdMarca], [IdModelo]) VALUES (7, 52)
INSERT [dbo].[MarcaModeloVehiculo] ([IdMarca], [IdModelo]) VALUES (7, 53)
INSERT [dbo].[MarcaModeloVehiculo] ([IdMarca], [IdModelo]) VALUES (7, 54)
INSERT [dbo].[MarcaModeloVehiculo] ([IdMarca], [IdModelo]) VALUES (7, 55)
INSERT [dbo].[MarcaModeloVehiculo] ([IdMarca], [IdModelo]) VALUES (7, 56)
INSERT [dbo].[MarcaModeloVehiculo] ([IdMarca], [IdModelo]) VALUES (7, 57)
INSERT [dbo].[MarcaModeloVehiculo] ([IdMarca], [IdModelo]) VALUES (7, 58)
INSERT [dbo].[MarcaModeloVehiculo] ([IdMarca], [IdModelo]) VALUES (7, 59)
INSERT [dbo].[MarcaModeloVehiculo] ([IdMarca], [IdModelo]) VALUES (7, 60)
INSERT [dbo].[MarcaModeloVehiculo] ([IdMarca], [IdModelo]) VALUES (7, 61)
INSERT [dbo].[MarcaModeloVehiculo] ([IdMarca], [IdModelo]) VALUES (7, 62)
INSERT [dbo].[MarcaModeloVehiculo] ([IdMarca], [IdModelo]) VALUES (7, 63)
INSERT [dbo].[MarcaModeloVehiculo] ([IdMarca], [IdModelo]) VALUES (7, 64)
INSERT [dbo].[MarcaModeloVehiculo] ([IdMarca], [IdModelo]) VALUES (7, 65)
INSERT [dbo].[MarcaModeloVehiculo] ([IdMarca], [IdModelo]) VALUES (7, 66)
INSERT [dbo].[MarcaModeloVehiculo] ([IdMarca], [IdModelo]) VALUES (7, 67)
INSERT [dbo].[MarcaModeloVehiculo] ([IdMarca], [IdModelo]) VALUES (7, 68)
INSERT [dbo].[MarcaModeloVehiculo] ([IdMarca], [IdModelo]) VALUES (7, 69)
INSERT [dbo].[MarcaModeloVehiculo] ([IdMarca], [IdModelo]) VALUES (7, 70)
INSERT [dbo].[MarcaModeloVehiculo] ([IdMarca], [IdModelo]) VALUES (7, 71)
INSERT [dbo].[MarcaModeloVehiculo] ([IdMarca], [IdModelo]) VALUES (7, 72)
INSERT [dbo].[MarcaModeloVehiculo] ([IdMarca], [IdModelo]) VALUES (7, 73)
INSERT [dbo].[MarcaModeloVehiculo] ([IdMarca], [IdModelo]) VALUES (7, 74)
INSERT [dbo].[MarcaModeloVehiculo] ([IdMarca], [IdModelo]) VALUES (7, 75)
INSERT [dbo].[MarcaModeloVehiculo] ([IdMarca], [IdModelo]) VALUES (7, 76)
INSERT [dbo].[MarcaModeloVehiculo] ([IdMarca], [IdModelo]) VALUES (7, 77)
INSERT [dbo].[MarcaModeloVehiculo] ([IdMarca], [IdModelo]) VALUES (7, 78)
INSERT [dbo].[MarcaModeloVehiculo] ([IdMarca], [IdModelo]) VALUES (7, 79)
INSERT [dbo].[MarcaModeloVehiculo] ([IdMarca], [IdModelo]) VALUES (7, 80)
INSERT [dbo].[MarcaModeloVehiculo] ([IdMarca], [IdModelo]) VALUES (7, 81)
INSERT [dbo].[MarcaModeloVehiculo] ([IdMarca], [IdModelo]) VALUES (7, 82)
INSERT [dbo].[MarcaModeloVehiculo] ([IdMarca], [IdModelo]) VALUES (8, 83)
INSERT [dbo].[MarcaModeloVehiculo] ([IdMarca], [IdModelo]) VALUES (8, 84)
INSERT [dbo].[MarcaModeloVehiculo] ([IdMarca], [IdModelo]) VALUES (8, 85)
INSERT [dbo].[MarcaModeloVehiculo] ([IdMarca], [IdModelo]) VALUES (8, 86)
INSERT [dbo].[MarcaModeloVehiculo] ([IdMarca], [IdModelo]) VALUES (8, 87)
INSERT [dbo].[MarcaModeloVehiculo] ([IdMarca], [IdModelo]) VALUES (9, 88)
INSERT [dbo].[MarcaModeloVehiculo] ([IdMarca], [IdModelo]) VALUES (10, 89)
INSERT [dbo].[MarcaModeloVehiculo] ([IdMarca], [IdModelo]) VALUES (10, 90)
INSERT [dbo].[MarcaModeloVehiculo] ([IdMarca], [IdModelo]) VALUES (10, 91)
INSERT [dbo].[MarcaModeloVehiculo] ([IdMarca], [IdModelo]) VALUES (10, 92)
INSERT [dbo].[MarcaModeloVehiculo] ([IdMarca], [IdModelo]) VALUES (10, 93)
INSERT [dbo].[MarcaModeloVehiculo] ([IdMarca], [IdModelo]) VALUES (10, 94)
INSERT [dbo].[MarcaModeloVehiculo] ([IdMarca], [IdModelo]) VALUES (10, 95)
INSERT [dbo].[MarcaModeloVehiculo] ([IdMarca], [IdModelo]) VALUES (10, 96)
INSERT [dbo].[MarcaModeloVehiculo] ([IdMarca], [IdModelo]) VALUES (10, 97)
INSERT [dbo].[MarcaModeloVehiculo] ([IdMarca], [IdModelo]) VALUES (10, 98)
INSERT [dbo].[MarcaModeloVehiculo] ([IdMarca], [IdModelo]) VALUES (10, 99)
INSERT [dbo].[MarcaModeloVehiculo] ([IdMarca], [IdModelo]) VALUES (10, 100)
GO
INSERT [dbo].[MarcaModeloVehiculo] ([IdMarca], [IdModelo]) VALUES (11, 101)
INSERT [dbo].[MarcaModeloVehiculo] ([IdMarca], [IdModelo]) VALUES (12, 102)
INSERT [dbo].[MarcaModeloVehiculo] ([IdMarca], [IdModelo]) VALUES (12, 103)
INSERT [dbo].[MarcaModeloVehiculo] ([IdMarca], [IdModelo]) VALUES (12, 104)
INSERT [dbo].[MarcaModeloVehiculo] ([IdMarca], [IdModelo]) VALUES (12, 105)
INSERT [dbo].[MarcaModeloVehiculo] ([IdMarca], [IdModelo]) VALUES (12, 106)
INSERT [dbo].[MarcaModeloVehiculo] ([IdMarca], [IdModelo]) VALUES (12, 107)
INSERT [dbo].[MarcaModeloVehiculo] ([IdMarca], [IdModelo]) VALUES (12, 108)
INSERT [dbo].[MarcaModeloVehiculo] ([IdMarca], [IdModelo]) VALUES (12, 109)
INSERT [dbo].[MarcaModeloVehiculo] ([IdMarca], [IdModelo]) VALUES (12, 110)
INSERT [dbo].[MarcaModeloVehiculo] ([IdMarca], [IdModelo]) VALUES (12, 111)
INSERT [dbo].[MarcaModeloVehiculo] ([IdMarca], [IdModelo]) VALUES (12, 112)
INSERT [dbo].[MarcaModeloVehiculo] ([IdMarca], [IdModelo]) VALUES (12, 113)
INSERT [dbo].[MarcaModeloVehiculo] ([IdMarca], [IdModelo]) VALUES (12, 114)
INSERT [dbo].[MarcaModeloVehiculo] ([IdMarca], [IdModelo]) VALUES (12, 115)
INSERT [dbo].[MarcaModeloVehiculo] ([IdMarca], [IdModelo]) VALUES (12, 116)
INSERT [dbo].[MarcaModeloVehiculo] ([IdMarca], [IdModelo]) VALUES (13, 117)
INSERT [dbo].[MarcaModeloVehiculo] ([IdMarca], [IdModelo]) VALUES (13, 118)
INSERT [dbo].[MarcaModeloVehiculo] ([IdMarca], [IdModelo]) VALUES (13, 119)
INSERT [dbo].[MarcaModeloVehiculo] ([IdMarca], [IdModelo]) VALUES (13, 120)
INSERT [dbo].[MarcaModeloVehiculo] ([IdMarca], [IdModelo]) VALUES (13, 121)
INSERT [dbo].[MarcaModeloVehiculo] ([IdMarca], [IdModelo]) VALUES (13, 122)
INSERT [dbo].[MarcaModeloVehiculo] ([IdMarca], [IdModelo]) VALUES (13, 123)
INSERT [dbo].[MarcaModeloVehiculo] ([IdMarca], [IdModelo]) VALUES (13, 124)
INSERT [dbo].[MarcaModeloVehiculo] ([IdMarca], [IdModelo]) VALUES (14, 125)
INSERT [dbo].[MarcaModeloVehiculo] ([IdMarca], [IdModelo]) VALUES (14, 126)
INSERT [dbo].[MarcaModeloVehiculo] ([IdMarca], [IdModelo]) VALUES (14, 127)
INSERT [dbo].[MarcaModeloVehiculo] ([IdMarca], [IdModelo]) VALUES (14, 128)
INSERT [dbo].[MarcaModeloVehiculo] ([IdMarca], [IdModelo]) VALUES (14, 129)
INSERT [dbo].[MarcaModeloVehiculo] ([IdMarca], [IdModelo]) VALUES (14, 130)
INSERT [dbo].[MarcaModeloVehiculo] ([IdMarca], [IdModelo]) VALUES (14, 131)
INSERT [dbo].[MarcaModeloVehiculo] ([IdMarca], [IdModelo]) VALUES (14, 132)
INSERT [dbo].[MarcaModeloVehiculo] ([IdMarca], [IdModelo]) VALUES (14, 133)
INSERT [dbo].[MarcaModeloVehiculo] ([IdMarca], [IdModelo]) VALUES (14, 134)
INSERT [dbo].[MarcaModeloVehiculo] ([IdMarca], [IdModelo]) VALUES (14, 135)
INSERT [dbo].[MarcaModeloVehiculo] ([IdMarca], [IdModelo]) VALUES (14, 136)
INSERT [dbo].[MarcaModeloVehiculo] ([IdMarca], [IdModelo]) VALUES (14, 137)
INSERT [dbo].[MarcaModeloVehiculo] ([IdMarca], [IdModelo]) VALUES (14, 138)
INSERT [dbo].[MarcaModeloVehiculo] ([IdMarca], [IdModelo]) VALUES (14, 139)
INSERT [dbo].[MarcaModeloVehiculo] ([IdMarca], [IdModelo]) VALUES (14, 140)
INSERT [dbo].[MarcaModeloVehiculo] ([IdMarca], [IdModelo]) VALUES (14, 141)
INSERT [dbo].[MarcaModeloVehiculo] ([IdMarca], [IdModelo]) VALUES (14, 142)
INSERT [dbo].[MarcaModeloVehiculo] ([IdMarca], [IdModelo]) VALUES (14, 143)
INSERT [dbo].[MarcaModeloVehiculo] ([IdMarca], [IdModelo]) VALUES (14, 144)
INSERT [dbo].[MarcaModeloVehiculo] ([IdMarca], [IdModelo]) VALUES (14, 145)
INSERT [dbo].[MarcaModeloVehiculo] ([IdMarca], [IdModelo]) VALUES (14, 146)
INSERT [dbo].[MarcaModeloVehiculo] ([IdMarca], [IdModelo]) VALUES (14, 147)
INSERT [dbo].[MarcaModeloVehiculo] ([IdMarca], [IdModelo]) VALUES (15, 148)
INSERT [dbo].[MarcaModeloVehiculo] ([IdMarca], [IdModelo]) VALUES (15, 149)
INSERT [dbo].[MarcaModeloVehiculo] ([IdMarca], [IdModelo]) VALUES (15, 150)
INSERT [dbo].[MarcaModeloVehiculo] ([IdMarca], [IdModelo]) VALUES (15, 151)
INSERT [dbo].[MarcaModeloVehiculo] ([IdMarca], [IdModelo]) VALUES (15, 152)
INSERT [dbo].[MarcaModeloVehiculo] ([IdMarca], [IdModelo]) VALUES (15, 153)
INSERT [dbo].[MarcaModeloVehiculo] ([IdMarca], [IdModelo]) VALUES (15, 154)
INSERT [dbo].[MarcaModeloVehiculo] ([IdMarca], [IdModelo]) VALUES (15, 155)
INSERT [dbo].[MarcaModeloVehiculo] ([IdMarca], [IdModelo]) VALUES (15, 156)
INSERT [dbo].[MarcaModeloVehiculo] ([IdMarca], [IdModelo]) VALUES (15, 157)
INSERT [dbo].[MarcaModeloVehiculo] ([IdMarca], [IdModelo]) VALUES (15, 158)
INSERT [dbo].[MarcaModeloVehiculo] ([IdMarca], [IdModelo]) VALUES (15, 159)
INSERT [dbo].[MarcaModeloVehiculo] ([IdMarca], [IdModelo]) VALUES (15, 160)
INSERT [dbo].[MarcaModeloVehiculo] ([IdMarca], [IdModelo]) VALUES (15, 161)
INSERT [dbo].[MarcaModeloVehiculo] ([IdMarca], [IdModelo]) VALUES (15, 162)
INSERT [dbo].[MarcaModeloVehiculo] ([IdMarca], [IdModelo]) VALUES (16, 163)
INSERT [dbo].[MarcaModeloVehiculo] ([IdMarca], [IdModelo]) VALUES (16, 164)
INSERT [dbo].[MarcaModeloVehiculo] ([IdMarca], [IdModelo]) VALUES (16, 165)
INSERT [dbo].[MarcaModeloVehiculo] ([IdMarca], [IdModelo]) VALUES (16, 166)
INSERT [dbo].[MarcaModeloVehiculo] ([IdMarca], [IdModelo]) VALUES (16, 167)
INSERT [dbo].[MarcaModeloVehiculo] ([IdMarca], [IdModelo]) VALUES (16, 168)
INSERT [dbo].[MarcaModeloVehiculo] ([IdMarca], [IdModelo]) VALUES (16, 169)
INSERT [dbo].[MarcaModeloVehiculo] ([IdMarca], [IdModelo]) VALUES (16, 170)
INSERT [dbo].[MarcaModeloVehiculo] ([IdMarca], [IdModelo]) VALUES (16, 171)
INSERT [dbo].[MarcaModeloVehiculo] ([IdMarca], [IdModelo]) VALUES (16, 172)
INSERT [dbo].[MarcaModeloVehiculo] ([IdMarca], [IdModelo]) VALUES (16, 173)
INSERT [dbo].[MarcaModeloVehiculo] ([IdMarca], [IdModelo]) VALUES (16, 174)
INSERT [dbo].[MarcaModeloVehiculo] ([IdMarca], [IdModelo]) VALUES (16, 175)
INSERT [dbo].[MarcaModeloVehiculo] ([IdMarca], [IdModelo]) VALUES (16, 176)
INSERT [dbo].[MarcaModeloVehiculo] ([IdMarca], [IdModelo]) VALUES (16, 177)
INSERT [dbo].[MarcaModeloVehiculo] ([IdMarca], [IdModelo]) VALUES (16, 178)
INSERT [dbo].[MarcaModeloVehiculo] ([IdMarca], [IdModelo]) VALUES (16, 179)
INSERT [dbo].[MarcaModeloVehiculo] ([IdMarca], [IdModelo]) VALUES (16, 180)
INSERT [dbo].[MarcaModeloVehiculo] ([IdMarca], [IdModelo]) VALUES (16, 181)
INSERT [dbo].[MarcaModeloVehiculo] ([IdMarca], [IdModelo]) VALUES (16, 182)
INSERT [dbo].[MarcaModeloVehiculo] ([IdMarca], [IdModelo]) VALUES (16, 183)
INSERT [dbo].[MarcaModeloVehiculo] ([IdMarca], [IdModelo]) VALUES (16, 184)
INSERT [dbo].[MarcaModeloVehiculo] ([IdMarca], [IdModelo]) VALUES (16, 185)
INSERT [dbo].[MarcaModeloVehiculo] ([IdMarca], [IdModelo]) VALUES (16, 186)
INSERT [dbo].[MarcaModeloVehiculo] ([IdMarca], [IdModelo]) VALUES (16, 187)
INSERT [dbo].[MarcaModeloVehiculo] ([IdMarca], [IdModelo]) VALUES (16, 188)
INSERT [dbo].[MarcaModeloVehiculo] ([IdMarca], [IdModelo]) VALUES (16, 189)
INSERT [dbo].[MarcaModeloVehiculo] ([IdMarca], [IdModelo]) VALUES (16, 190)
INSERT [dbo].[MarcaModeloVehiculo] ([IdMarca], [IdModelo]) VALUES (16, 191)
INSERT [dbo].[MarcaModeloVehiculo] ([IdMarca], [IdModelo]) VALUES (16, 192)
INSERT [dbo].[MarcaModeloVehiculo] ([IdMarca], [IdModelo]) VALUES (16, 193)
INSERT [dbo].[MarcaModeloVehiculo] ([IdMarca], [IdModelo]) VALUES (16, 194)
INSERT [dbo].[MarcaModeloVehiculo] ([IdMarca], [IdModelo]) VALUES (16, 195)
INSERT [dbo].[MarcaModeloVehiculo] ([IdMarca], [IdModelo]) VALUES (16, 196)
INSERT [dbo].[MarcaModeloVehiculo] ([IdMarca], [IdModelo]) VALUES (16, 197)
INSERT [dbo].[MarcaModeloVehiculo] ([IdMarca], [IdModelo]) VALUES (16, 198)
INSERT [dbo].[MarcaModeloVehiculo] ([IdMarca], [IdModelo]) VALUES (16, 199)
INSERT [dbo].[MarcaModeloVehiculo] ([IdMarca], [IdModelo]) VALUES (16, 200)
GO
INSERT [dbo].[MarcaModeloVehiculo] ([IdMarca], [IdModelo]) VALUES (16, 201)
INSERT [dbo].[MarcaModeloVehiculo] ([IdMarca], [IdModelo]) VALUES (16, 202)
INSERT [dbo].[MarcaModeloVehiculo] ([IdMarca], [IdModelo]) VALUES (17, 203)
INSERT [dbo].[MarcaModeloVehiculo] ([IdMarca], [IdModelo]) VALUES (18, 204)
INSERT [dbo].[MarcaModeloVehiculo] ([IdMarca], [IdModelo]) VALUES (18, 205)
INSERT [dbo].[MarcaModeloVehiculo] ([IdMarca], [IdModelo]) VALUES (18, 206)
INSERT [dbo].[MarcaModeloVehiculo] ([IdMarca], [IdModelo]) VALUES (18, 207)
INSERT [dbo].[MarcaModeloVehiculo] ([IdMarca], [IdModelo]) VALUES (18, 208)
INSERT [dbo].[MarcaModeloVehiculo] ([IdMarca], [IdModelo]) VALUES (19, 209)
INSERT [dbo].[MarcaModeloVehiculo] ([IdMarca], [IdModelo]) VALUES (19, 210)
INSERT [dbo].[MarcaModeloVehiculo] ([IdMarca], [IdModelo]) VALUES (19, 211)
INSERT [dbo].[MarcaModeloVehiculo] ([IdMarca], [IdModelo]) VALUES (19, 212)
INSERT [dbo].[MarcaModeloVehiculo] ([IdMarca], [IdModelo]) VALUES (19, 213)
INSERT [dbo].[MarcaModeloVehiculo] ([IdMarca], [IdModelo]) VALUES (19, 214)
INSERT [dbo].[MarcaModeloVehiculo] ([IdMarca], [IdModelo]) VALUES (19, 215)
INSERT [dbo].[MarcaModeloVehiculo] ([IdMarca], [IdModelo]) VALUES (19, 216)
INSERT [dbo].[MarcaModeloVehiculo] ([IdMarca], [IdModelo]) VALUES (19, 217)
INSERT [dbo].[MarcaModeloVehiculo] ([IdMarca], [IdModelo]) VALUES (19, 218)
INSERT [dbo].[MarcaModeloVehiculo] ([IdMarca], [IdModelo]) VALUES (19, 219)
INSERT [dbo].[MarcaModeloVehiculo] ([IdMarca], [IdModelo]) VALUES (19, 220)
INSERT [dbo].[MarcaModeloVehiculo] ([IdMarca], [IdModelo]) VALUES (21, 221)
INSERT [dbo].[MarcaModeloVehiculo] ([IdMarca], [IdModelo]) VALUES (21, 222)
INSERT [dbo].[MarcaModeloVehiculo] ([IdMarca], [IdModelo]) VALUES (21, 223)
INSERT [dbo].[MarcaModeloVehiculo] ([IdMarca], [IdModelo]) VALUES (21, 224)
INSERT [dbo].[MarcaModeloVehiculo] ([IdMarca], [IdModelo]) VALUES (21, 225)
INSERT [dbo].[MarcaModeloVehiculo] ([IdMarca], [IdModelo]) VALUES (21, 226)
INSERT [dbo].[MarcaModeloVehiculo] ([IdMarca], [IdModelo]) VALUES (22, 227)
INSERT [dbo].[MarcaModeloVehiculo] ([IdMarca], [IdModelo]) VALUES (22, 228)
INSERT [dbo].[MarcaModeloVehiculo] ([IdMarca], [IdModelo]) VALUES (22, 229)
INSERT [dbo].[MarcaModeloVehiculo] ([IdMarca], [IdModelo]) VALUES (22, 230)
INSERT [dbo].[MarcaModeloVehiculo] ([IdMarca], [IdModelo]) VALUES (22, 231)
INSERT [dbo].[MarcaModeloVehiculo] ([IdMarca], [IdModelo]) VALUES (23, 232)
INSERT [dbo].[MarcaModeloVehiculo] ([IdMarca], [IdModelo]) VALUES (23, 233)
INSERT [dbo].[MarcaModeloVehiculo] ([IdMarca], [IdModelo]) VALUES (23, 234)
INSERT [dbo].[MarcaModeloVehiculo] ([IdMarca], [IdModelo]) VALUES (23, 235)
INSERT [dbo].[MarcaModeloVehiculo] ([IdMarca], [IdModelo]) VALUES (23, 236)
INSERT [dbo].[MarcaModeloVehiculo] ([IdMarca], [IdModelo]) VALUES (24, 237)
INSERT [dbo].[MarcaModeloVehiculo] ([IdMarca], [IdModelo]) VALUES (24, 238)
INSERT [dbo].[MarcaModeloVehiculo] ([IdMarca], [IdModelo]) VALUES (24, 239)
INSERT [dbo].[MarcaModeloVehiculo] ([IdMarca], [IdModelo]) VALUES (24, 240)
INSERT [dbo].[MarcaModeloVehiculo] ([IdMarca], [IdModelo]) VALUES (24, 241)
INSERT [dbo].[MarcaModeloVehiculo] ([IdMarca], [IdModelo]) VALUES (24, 242)
INSERT [dbo].[MarcaModeloVehiculo] ([IdMarca], [IdModelo]) VALUES (24, 243)
INSERT [dbo].[MarcaModeloVehiculo] ([IdMarca], [IdModelo]) VALUES (24, 244)
INSERT [dbo].[MarcaModeloVehiculo] ([IdMarca], [IdModelo]) VALUES (24, 245)
INSERT [dbo].[MarcaModeloVehiculo] ([IdMarca], [IdModelo]) VALUES (24, 246)
INSERT [dbo].[MarcaModeloVehiculo] ([IdMarca], [IdModelo]) VALUES (24, 247)
INSERT [dbo].[MarcaModeloVehiculo] ([IdMarca], [IdModelo]) VALUES (24, 248)
INSERT [dbo].[MarcaModeloVehiculo] ([IdMarca], [IdModelo]) VALUES (24, 249)
INSERT [dbo].[MarcaModeloVehiculo] ([IdMarca], [IdModelo]) VALUES (24, 250)
INSERT [dbo].[MarcaModeloVehiculo] ([IdMarca], [IdModelo]) VALUES (24, 251)
INSERT [dbo].[MarcaModeloVehiculo] ([IdMarca], [IdModelo]) VALUES (24, 252)
INSERT [dbo].[MarcaModeloVehiculo] ([IdMarca], [IdModelo]) VALUES (24, 253)
INSERT [dbo].[MarcaModeloVehiculo] ([IdMarca], [IdModelo]) VALUES (24, 254)
INSERT [dbo].[MarcaModeloVehiculo] ([IdMarca], [IdModelo]) VALUES (24, 255)
INSERT [dbo].[MarcaModeloVehiculo] ([IdMarca], [IdModelo]) VALUES (24, 256)
INSERT [dbo].[MarcaModeloVehiculo] ([IdMarca], [IdModelo]) VALUES (24, 257)
INSERT [dbo].[MarcaModeloVehiculo] ([IdMarca], [IdModelo]) VALUES (24, 258)
INSERT [dbo].[MarcaModeloVehiculo] ([IdMarca], [IdModelo]) VALUES (24, 259)
INSERT [dbo].[MarcaModeloVehiculo] ([IdMarca], [IdModelo]) VALUES (24, 260)
INSERT [dbo].[MarcaModeloVehiculo] ([IdMarca], [IdModelo]) VALUES (24, 261)
INSERT [dbo].[MarcaModeloVehiculo] ([IdMarca], [IdModelo]) VALUES (25, 262)
INSERT [dbo].[MarcaModeloVehiculo] ([IdMarca], [IdModelo]) VALUES (25, 263)
INSERT [dbo].[MarcaModeloVehiculo] ([IdMarca], [IdModelo]) VALUES (25, 264)
INSERT [dbo].[MarcaModeloVehiculo] ([IdMarca], [IdModelo]) VALUES (25, 265)
INSERT [dbo].[MarcaModeloVehiculo] ([IdMarca], [IdModelo]) VALUES (25, 266)
INSERT [dbo].[MarcaModeloVehiculo] ([IdMarca], [IdModelo]) VALUES (25, 267)
INSERT [dbo].[MarcaModeloVehiculo] ([IdMarca], [IdModelo]) VALUES (25, 268)
INSERT [dbo].[MarcaModeloVehiculo] ([IdMarca], [IdModelo]) VALUES (25, 269)
INSERT [dbo].[MarcaModeloVehiculo] ([IdMarca], [IdModelo]) VALUES (25, 270)
INSERT [dbo].[MarcaModeloVehiculo] ([IdMarca], [IdModelo]) VALUES (25, 271)
INSERT [dbo].[MarcaModeloVehiculo] ([IdMarca], [IdModelo]) VALUES (25, 272)
INSERT [dbo].[MarcaModeloVehiculo] ([IdMarca], [IdModelo]) VALUES (25, 273)
INSERT [dbo].[MarcaModeloVehiculo] ([IdMarca], [IdModelo]) VALUES (25, 274)
INSERT [dbo].[MarcaModeloVehiculo] ([IdMarca], [IdModelo]) VALUES (25, 275)
INSERT [dbo].[MarcaModeloVehiculo] ([IdMarca], [IdModelo]) VALUES (25, 276)
INSERT [dbo].[MarcaModeloVehiculo] ([IdMarca], [IdModelo]) VALUES (25, 277)
INSERT [dbo].[MarcaModeloVehiculo] ([IdMarca], [IdModelo]) VALUES (25, 278)
INSERT [dbo].[MarcaModeloVehiculo] ([IdMarca], [IdModelo]) VALUES (25, 279)
INSERT [dbo].[MarcaModeloVehiculo] ([IdMarca], [IdModelo]) VALUES (25, 280)
INSERT [dbo].[MarcaModeloVehiculo] ([IdMarca], [IdModelo]) VALUES (25, 281)
INSERT [dbo].[MarcaModeloVehiculo] ([IdMarca], [IdModelo]) VALUES (25, 282)
INSERT [dbo].[MarcaModeloVehiculo] ([IdMarca], [IdModelo]) VALUES (25, 283)
INSERT [dbo].[MarcaModeloVehiculo] ([IdMarca], [IdModelo]) VALUES (25, 284)
INSERT [dbo].[MarcaModeloVehiculo] ([IdMarca], [IdModelo]) VALUES (25, 285)
INSERT [dbo].[MarcaModeloVehiculo] ([IdMarca], [IdModelo]) VALUES (25, 286)
INSERT [dbo].[MarcaModeloVehiculo] ([IdMarca], [IdModelo]) VALUES (25, 287)
INSERT [dbo].[MarcaModeloVehiculo] ([IdMarca], [IdModelo]) VALUES (25, 288)
INSERT [dbo].[MarcaModeloVehiculo] ([IdMarca], [IdModelo]) VALUES (25, 289)
INSERT [dbo].[MarcaModeloVehiculo] ([IdMarca], [IdModelo]) VALUES (25, 290)
INSERT [dbo].[MarcaModeloVehiculo] ([IdMarca], [IdModelo]) VALUES (25, 291)
INSERT [dbo].[MarcaModeloVehiculo] ([IdMarca], [IdModelo]) VALUES (25, 292)
INSERT [dbo].[MarcaModeloVehiculo] ([IdMarca], [IdModelo]) VALUES (25, 293)
INSERT [dbo].[MarcaModeloVehiculo] ([IdMarca], [IdModelo]) VALUES (25, 294)
INSERT [dbo].[MarcaModeloVehiculo] ([IdMarca], [IdModelo]) VALUES (25, 295)
INSERT [dbo].[MarcaModeloVehiculo] ([IdMarca], [IdModelo]) VALUES (25, 296)
INSERT [dbo].[MarcaModeloVehiculo] ([IdMarca], [IdModelo]) VALUES (25, 297)
INSERT [dbo].[MarcaModeloVehiculo] ([IdMarca], [IdModelo]) VALUES (25, 298)
INSERT [dbo].[MarcaModeloVehiculo] ([IdMarca], [IdModelo]) VALUES (25, 299)
INSERT [dbo].[MarcaModeloVehiculo] ([IdMarca], [IdModelo]) VALUES (25, 300)
GO
INSERT [dbo].[MarcaModeloVehiculo] ([IdMarca], [IdModelo]) VALUES (26, 301)
INSERT [dbo].[MarcaModeloVehiculo] ([IdMarca], [IdModelo]) VALUES (26, 302)
INSERT [dbo].[MarcaModeloVehiculo] ([IdMarca], [IdModelo]) VALUES (26, 303)
INSERT [dbo].[MarcaModeloVehiculo] ([IdMarca], [IdModelo]) VALUES (26, 304)
INSERT [dbo].[MarcaModeloVehiculo] ([IdMarca], [IdModelo]) VALUES (26, 305)
INSERT [dbo].[MarcaModeloVehiculo] ([IdMarca], [IdModelo]) VALUES (26, 306)
INSERT [dbo].[MarcaModeloVehiculo] ([IdMarca], [IdModelo]) VALUES (26, 307)
INSERT [dbo].[MarcaModeloVehiculo] ([IdMarca], [IdModelo]) VALUES (26, 308)
INSERT [dbo].[MarcaModeloVehiculo] ([IdMarca], [IdModelo]) VALUES (26, 309)
INSERT [dbo].[MarcaModeloVehiculo] ([IdMarca], [IdModelo]) VALUES (26, 310)
INSERT [dbo].[MarcaModeloVehiculo] ([IdMarca], [IdModelo]) VALUES (26, 311)
INSERT [dbo].[MarcaModeloVehiculo] ([IdMarca], [IdModelo]) VALUES (26, 312)
INSERT [dbo].[MarcaModeloVehiculo] ([IdMarca], [IdModelo]) VALUES (26, 313)
INSERT [dbo].[MarcaModeloVehiculo] ([IdMarca], [IdModelo]) VALUES (26, 314)
INSERT [dbo].[MarcaModeloVehiculo] ([IdMarca], [IdModelo]) VALUES (26, 315)
INSERT [dbo].[MarcaModeloVehiculo] ([IdMarca], [IdModelo]) VALUES (26, 316)
INSERT [dbo].[MarcaModeloVehiculo] ([IdMarca], [IdModelo]) VALUES (26, 317)
INSERT [dbo].[MarcaModeloVehiculo] ([IdMarca], [IdModelo]) VALUES (26, 318)
INSERT [dbo].[MarcaModeloVehiculo] ([IdMarca], [IdModelo]) VALUES (26, 319)
INSERT [dbo].[MarcaModeloVehiculo] ([IdMarca], [IdModelo]) VALUES (26, 320)
INSERT [dbo].[MarcaModeloVehiculo] ([IdMarca], [IdModelo]) VALUES (26, 321)
INSERT [dbo].[MarcaModeloVehiculo] ([IdMarca], [IdModelo]) VALUES (26, 322)
INSERT [dbo].[MarcaModeloVehiculo] ([IdMarca], [IdModelo]) VALUES (26, 323)
INSERT [dbo].[MarcaModeloVehiculo] ([IdMarca], [IdModelo]) VALUES (26, 324)
INSERT [dbo].[MarcaModeloVehiculo] ([IdMarca], [IdModelo]) VALUES (26, 325)
INSERT [dbo].[MarcaModeloVehiculo] ([IdMarca], [IdModelo]) VALUES (26, 326)
INSERT [dbo].[MarcaModeloVehiculo] ([IdMarca], [IdModelo]) VALUES (26, 327)
INSERT [dbo].[MarcaModeloVehiculo] ([IdMarca], [IdModelo]) VALUES (26, 328)
INSERT [dbo].[MarcaModeloVehiculo] ([IdMarca], [IdModelo]) VALUES (26, 329)
INSERT [dbo].[MarcaModeloVehiculo] ([IdMarca], [IdModelo]) VALUES (27, 330)
INSERT [dbo].[MarcaModeloVehiculo] ([IdMarca], [IdModelo]) VALUES (27, 331)
INSERT [dbo].[MarcaModeloVehiculo] ([IdMarca], [IdModelo]) VALUES (27, 332)
INSERT [dbo].[MarcaModeloVehiculo] ([IdMarca], [IdModelo]) VALUES (29, 333)
INSERT [dbo].[MarcaModeloVehiculo] ([IdMarca], [IdModelo]) VALUES (29, 334)
INSERT [dbo].[MarcaModeloVehiculo] ([IdMarca], [IdModelo]) VALUES (29, 335)
INSERT [dbo].[MarcaModeloVehiculo] ([IdMarca], [IdModelo]) VALUES (29, 336)
INSERT [dbo].[MarcaModeloVehiculo] ([IdMarca], [IdModelo]) VALUES (29, 337)
INSERT [dbo].[MarcaModeloVehiculo] ([IdMarca], [IdModelo]) VALUES (29, 338)
INSERT [dbo].[MarcaModeloVehiculo] ([IdMarca], [IdModelo]) VALUES (29, 339)
INSERT [dbo].[MarcaModeloVehiculo] ([IdMarca], [IdModelo]) VALUES (29, 340)
INSERT [dbo].[MarcaModeloVehiculo] ([IdMarca], [IdModelo]) VALUES (29, 341)
INSERT [dbo].[MarcaModeloVehiculo] ([IdMarca], [IdModelo]) VALUES (29, 342)
INSERT [dbo].[MarcaModeloVehiculo] ([IdMarca], [IdModelo]) VALUES (29, 343)
INSERT [dbo].[MarcaModeloVehiculo] ([IdMarca], [IdModelo]) VALUES (29, 344)
INSERT [dbo].[MarcaModeloVehiculo] ([IdMarca], [IdModelo]) VALUES (29, 345)
INSERT [dbo].[MarcaModeloVehiculo] ([IdMarca], [IdModelo]) VALUES (29, 346)
INSERT [dbo].[MarcaModeloVehiculo] ([IdMarca], [IdModelo]) VALUES (29, 347)
INSERT [dbo].[MarcaModeloVehiculo] ([IdMarca], [IdModelo]) VALUES (29, 348)
INSERT [dbo].[MarcaModeloVehiculo] ([IdMarca], [IdModelo]) VALUES (30, 349)
INSERT [dbo].[MarcaModeloVehiculo] ([IdMarca], [IdModelo]) VALUES (30, 350)
INSERT [dbo].[MarcaModeloVehiculo] ([IdMarca], [IdModelo]) VALUES (30, 351)
INSERT [dbo].[MarcaModeloVehiculo] ([IdMarca], [IdModelo]) VALUES (31, 352)
INSERT [dbo].[MarcaModeloVehiculo] ([IdMarca], [IdModelo]) VALUES (31, 353)
INSERT [dbo].[MarcaModeloVehiculo] ([IdMarca], [IdModelo]) VALUES (31, 354)
INSERT [dbo].[MarcaModeloVehiculo] ([IdMarca], [IdModelo]) VALUES (31, 355)
INSERT [dbo].[MarcaModeloVehiculo] ([IdMarca], [IdModelo]) VALUES (31, 356)
INSERT [dbo].[MarcaModeloVehiculo] ([IdMarca], [IdModelo]) VALUES (31, 357)
INSERT [dbo].[MarcaModeloVehiculo] ([IdMarca], [IdModelo]) VALUES (31, 358)
INSERT [dbo].[MarcaModeloVehiculo] ([IdMarca], [IdModelo]) VALUES (31, 359)
INSERT [dbo].[MarcaModeloVehiculo] ([IdMarca], [IdModelo]) VALUES (31, 360)
INSERT [dbo].[MarcaModeloVehiculo] ([IdMarca], [IdModelo]) VALUES (31, 361)
INSERT [dbo].[MarcaModeloVehiculo] ([IdMarca], [IdModelo]) VALUES (31, 362)
INSERT [dbo].[MarcaModeloVehiculo] ([IdMarca], [IdModelo]) VALUES (31, 363)
INSERT [dbo].[MarcaModeloVehiculo] ([IdMarca], [IdModelo]) VALUES (31, 364)
INSERT [dbo].[MarcaModeloVehiculo] ([IdMarca], [IdModelo]) VALUES (31, 365)
INSERT [dbo].[MarcaModeloVehiculo] ([IdMarca], [IdModelo]) VALUES (31, 366)
INSERT [dbo].[MarcaModeloVehiculo] ([IdMarca], [IdModelo]) VALUES (31, 367)
INSERT [dbo].[MarcaModeloVehiculo] ([IdMarca], [IdModelo]) VALUES (31, 368)
INSERT [dbo].[MarcaModeloVehiculo] ([IdMarca], [IdModelo]) VALUES (31, 369)
INSERT [dbo].[MarcaModeloVehiculo] ([IdMarca], [IdModelo]) VALUES (31, 370)
INSERT [dbo].[MarcaModeloVehiculo] ([IdMarca], [IdModelo]) VALUES (31, 371)
INSERT [dbo].[MarcaModeloVehiculo] ([IdMarca], [IdModelo]) VALUES (31, 372)
INSERT [dbo].[MarcaModeloVehiculo] ([IdMarca], [IdModelo]) VALUES (31, 373)
INSERT [dbo].[MarcaModeloVehiculo] ([IdMarca], [IdModelo]) VALUES (31, 374)
INSERT [dbo].[MarcaModeloVehiculo] ([IdMarca], [IdModelo]) VALUES (31, 375)
INSERT [dbo].[MarcaModeloVehiculo] ([IdMarca], [IdModelo]) VALUES (31, 376)
INSERT [dbo].[MarcaModeloVehiculo] ([IdMarca], [IdModelo]) VALUES (31, 377)
INSERT [dbo].[MarcaModeloVehiculo] ([IdMarca], [IdModelo]) VALUES (31, 378)
INSERT [dbo].[MarcaModeloVehiculo] ([IdMarca], [IdModelo]) VALUES (31, 379)
INSERT [dbo].[MarcaModeloVehiculo] ([IdMarca], [IdModelo]) VALUES (31, 380)
INSERT [dbo].[MarcaModeloVehiculo] ([IdMarca], [IdModelo]) VALUES (32, 381)
INSERT [dbo].[MarcaModeloVehiculo] ([IdMarca], [IdModelo]) VALUES (32, 382)
INSERT [dbo].[MarcaModeloVehiculo] ([IdMarca], [IdModelo]) VALUES (32, 383)
INSERT [dbo].[MarcaModeloVehiculo] ([IdMarca], [IdModelo]) VALUES (32, 384)
INSERT [dbo].[MarcaModeloVehiculo] ([IdMarca], [IdModelo]) VALUES (33, 385)
INSERT [dbo].[MarcaModeloVehiculo] ([IdMarca], [IdModelo]) VALUES (33, 386)
INSERT [dbo].[MarcaModeloVehiculo] ([IdMarca], [IdModelo]) VALUES (34, 387)
INSERT [dbo].[MarcaModeloVehiculo] ([IdMarca], [IdModelo]) VALUES (34, 388)
INSERT [dbo].[MarcaModeloVehiculo] ([IdMarca], [IdModelo]) VALUES (34, 389)
INSERT [dbo].[MarcaModeloVehiculo] ([IdMarca], [IdModelo]) VALUES (34, 390)
INSERT [dbo].[MarcaModeloVehiculo] ([IdMarca], [IdModelo]) VALUES (34, 391)
INSERT [dbo].[MarcaModeloVehiculo] ([IdMarca], [IdModelo]) VALUES (34, 392)
INSERT [dbo].[MarcaModeloVehiculo] ([IdMarca], [IdModelo]) VALUES (35, 393)
INSERT [dbo].[MarcaModeloVehiculo] ([IdMarca], [IdModelo]) VALUES (35, 394)
INSERT [dbo].[MarcaModeloVehiculo] ([IdMarca], [IdModelo]) VALUES (36, 395)
INSERT [dbo].[MarcaModeloVehiculo] ([IdMarca], [IdModelo]) VALUES (36, 396)
INSERT [dbo].[MarcaModeloVehiculo] ([IdMarca], [IdModelo]) VALUES (37, 397)
INSERT [dbo].[MarcaModeloVehiculo] ([IdMarca], [IdModelo]) VALUES (37, 398)
INSERT [dbo].[MarcaModeloVehiculo] ([IdMarca], [IdModelo]) VALUES (37, 399)
INSERT [dbo].[MarcaModeloVehiculo] ([IdMarca], [IdModelo]) VALUES (37, 400)
GO
INSERT [dbo].[MarcaModeloVehiculo] ([IdMarca], [IdModelo]) VALUES (37, 401)
INSERT [dbo].[MarcaModeloVehiculo] ([IdMarca], [IdModelo]) VALUES (37, 402)
INSERT [dbo].[MarcaModeloVehiculo] ([IdMarca], [IdModelo]) VALUES (38, 403)
INSERT [dbo].[MarcaModeloVehiculo] ([IdMarca], [IdModelo]) VALUES (38, 404)
INSERT [dbo].[MarcaModeloVehiculo] ([IdMarca], [IdModelo]) VALUES (38, 405)
INSERT [dbo].[MarcaModeloVehiculo] ([IdMarca], [IdModelo]) VALUES (38, 406)
INSERT [dbo].[MarcaModeloVehiculo] ([IdMarca], [IdModelo]) VALUES (38, 407)
INSERT [dbo].[MarcaModeloVehiculo] ([IdMarca], [IdModelo]) VALUES (38, 408)
INSERT [dbo].[MarcaModeloVehiculo] ([IdMarca], [IdModelo]) VALUES (38, 409)
INSERT [dbo].[MarcaModeloVehiculo] ([IdMarca], [IdModelo]) VALUES (39, 410)
INSERT [dbo].[MarcaModeloVehiculo] ([IdMarca], [IdModelo]) VALUES (39, 411)
INSERT [dbo].[MarcaModeloVehiculo] ([IdMarca], [IdModelo]) VALUES (39, 412)
INSERT [dbo].[MarcaModeloVehiculo] ([IdMarca], [IdModelo]) VALUES (39, 413)
INSERT [dbo].[MarcaModeloVehiculo] ([IdMarca], [IdModelo]) VALUES (39, 414)
INSERT [dbo].[MarcaModeloVehiculo] ([IdMarca], [IdModelo]) VALUES (39, 415)
INSERT [dbo].[MarcaModeloVehiculo] ([IdMarca], [IdModelo]) VALUES (39, 416)
INSERT [dbo].[MarcaModeloVehiculo] ([IdMarca], [IdModelo]) VALUES (39, 417)
INSERT [dbo].[MarcaModeloVehiculo] ([IdMarca], [IdModelo]) VALUES (39, 418)
INSERT [dbo].[MarcaModeloVehiculo] ([IdMarca], [IdModelo]) VALUES (39, 419)
INSERT [dbo].[MarcaModeloVehiculo] ([IdMarca], [IdModelo]) VALUES (39, 420)
INSERT [dbo].[MarcaModeloVehiculo] ([IdMarca], [IdModelo]) VALUES (39, 421)
INSERT [dbo].[MarcaModeloVehiculo] ([IdMarca], [IdModelo]) VALUES (39, 422)
INSERT [dbo].[MarcaModeloVehiculo] ([IdMarca], [IdModelo]) VALUES (39, 423)
INSERT [dbo].[MarcaModeloVehiculo] ([IdMarca], [IdModelo]) VALUES (39, 424)
INSERT [dbo].[MarcaModeloVehiculo] ([IdMarca], [IdModelo]) VALUES (39, 425)
INSERT [dbo].[MarcaModeloVehiculo] ([IdMarca], [IdModelo]) VALUES (39, 426)
INSERT [dbo].[MarcaModeloVehiculo] ([IdMarca], [IdModelo]) VALUES (39, 427)
INSERT [dbo].[MarcaModeloVehiculo] ([IdMarca], [IdModelo]) VALUES (39, 428)
INSERT [dbo].[MarcaModeloVehiculo] ([IdMarca], [IdModelo]) VALUES (39, 429)
INSERT [dbo].[MarcaModeloVehiculo] ([IdMarca], [IdModelo]) VALUES (39, 430)
INSERT [dbo].[MarcaModeloVehiculo] ([IdMarca], [IdModelo]) VALUES (39, 431)
INSERT [dbo].[MarcaModeloVehiculo] ([IdMarca], [IdModelo]) VALUES (39, 432)
INSERT [dbo].[MarcaModeloVehiculo] ([IdMarca], [IdModelo]) VALUES (39, 433)
INSERT [dbo].[MarcaModeloVehiculo] ([IdMarca], [IdModelo]) VALUES (40, 434)
INSERT [dbo].[MarcaModeloVehiculo] ([IdMarca], [IdModelo]) VALUES (40, 435)
INSERT [dbo].[MarcaModeloVehiculo] ([IdMarca], [IdModelo]) VALUES (40, 436)
INSERT [dbo].[MarcaModeloVehiculo] ([IdMarca], [IdModelo]) VALUES (40, 437)
INSERT [dbo].[MarcaModeloVehiculo] ([IdMarca], [IdModelo]) VALUES (40, 438)
INSERT [dbo].[MarcaModeloVehiculo] ([IdMarca], [IdModelo]) VALUES (40, 439)
INSERT [dbo].[MarcaModeloVehiculo] ([IdMarca], [IdModelo]) VALUES (40, 440)
INSERT [dbo].[MarcaModeloVehiculo] ([IdMarca], [IdModelo]) VALUES (40, 441)
INSERT [dbo].[MarcaModeloVehiculo] ([IdMarca], [IdModelo]) VALUES (41, 442)
INSERT [dbo].[MarcaModeloVehiculo] ([IdMarca], [IdModelo]) VALUES (41, 443)
INSERT [dbo].[MarcaModeloVehiculo] ([IdMarca], [IdModelo]) VALUES (41, 444)
INSERT [dbo].[MarcaModeloVehiculo] ([IdMarca], [IdModelo]) VALUES (42, 445)
INSERT [dbo].[MarcaModeloVehiculo] ([IdMarca], [IdModelo]) VALUES (42, 446)
INSERT [dbo].[MarcaModeloVehiculo] ([IdMarca], [IdModelo]) VALUES (42, 447)
INSERT [dbo].[MarcaModeloVehiculo] ([IdMarca], [IdModelo]) VALUES (42, 448)
INSERT [dbo].[MarcaModeloVehiculo] ([IdMarca], [IdModelo]) VALUES (42, 449)
INSERT [dbo].[MarcaModeloVehiculo] ([IdMarca], [IdModelo]) VALUES (42, 450)
INSERT [dbo].[MarcaModeloVehiculo] ([IdMarca], [IdModelo]) VALUES (42, 451)
INSERT [dbo].[MarcaModeloVehiculo] ([IdMarca], [IdModelo]) VALUES (42, 452)
INSERT [dbo].[MarcaModeloVehiculo] ([IdMarca], [IdModelo]) VALUES (42, 453)
INSERT [dbo].[MarcaModeloVehiculo] ([IdMarca], [IdModelo]) VALUES (42, 454)
INSERT [dbo].[MarcaModeloVehiculo] ([IdMarca], [IdModelo]) VALUES (42, 455)
INSERT [dbo].[MarcaModeloVehiculo] ([IdMarca], [IdModelo]) VALUES (42, 456)
INSERT [dbo].[MarcaModeloVehiculo] ([IdMarca], [IdModelo]) VALUES (42, 457)
INSERT [dbo].[MarcaModeloVehiculo] ([IdMarca], [IdModelo]) VALUES (42, 458)
INSERT [dbo].[MarcaModeloVehiculo] ([IdMarca], [IdModelo]) VALUES (42, 459)
INSERT [dbo].[MarcaModeloVehiculo] ([IdMarca], [IdModelo]) VALUES (42, 460)
INSERT [dbo].[MarcaModeloVehiculo] ([IdMarca], [IdModelo]) VALUES (42, 461)
INSERT [dbo].[MarcaModeloVehiculo] ([IdMarca], [IdModelo]) VALUES (42, 462)
INSERT [dbo].[MarcaModeloVehiculo] ([IdMarca], [IdModelo]) VALUES (42, 463)
INSERT [dbo].[MarcaModeloVehiculo] ([IdMarca], [IdModelo]) VALUES (43, 464)
INSERT [dbo].[MarcaModeloVehiculo] ([IdMarca], [IdModelo]) VALUES (43, 465)
INSERT [dbo].[MarcaModeloVehiculo] ([IdMarca], [IdModelo]) VALUES (43, 466)
INSERT [dbo].[MarcaModeloVehiculo] ([IdMarca], [IdModelo]) VALUES (43, 467)
INSERT [dbo].[MarcaModeloVehiculo] ([IdMarca], [IdModelo]) VALUES (43, 468)
INSERT [dbo].[MarcaModeloVehiculo] ([IdMarca], [IdModelo]) VALUES (43, 469)
INSERT [dbo].[MarcaModeloVehiculo] ([IdMarca], [IdModelo]) VALUES (43, 470)
INSERT [dbo].[MarcaModeloVehiculo] ([IdMarca], [IdModelo]) VALUES (44, 471)
INSERT [dbo].[MarcaModeloVehiculo] ([IdMarca], [IdModelo]) VALUES (45, 472)
INSERT [dbo].[MarcaModeloVehiculo] ([IdMarca], [IdModelo]) VALUES (45, 473)
INSERT [dbo].[MarcaModeloVehiculo] ([IdMarca], [IdModelo]) VALUES (45, 474)
INSERT [dbo].[MarcaModeloVehiculo] ([IdMarca], [IdModelo]) VALUES (45, 475)
INSERT [dbo].[MarcaModeloVehiculo] ([IdMarca], [IdModelo]) VALUES (45, 476)
INSERT [dbo].[MarcaModeloVehiculo] ([IdMarca], [IdModelo]) VALUES (45, 477)
INSERT [dbo].[MarcaModeloVehiculo] ([IdMarca], [IdModelo]) VALUES (45, 478)
INSERT [dbo].[MarcaModeloVehiculo] ([IdMarca], [IdModelo]) VALUES (45, 479)
INSERT [dbo].[MarcaModeloVehiculo] ([IdMarca], [IdModelo]) VALUES (45, 480)
INSERT [dbo].[MarcaModeloVehiculo] ([IdMarca], [IdModelo]) VALUES (45, 481)
INSERT [dbo].[MarcaModeloVehiculo] ([IdMarca], [IdModelo]) VALUES (45, 482)
INSERT [dbo].[MarcaModeloVehiculo] ([IdMarca], [IdModelo]) VALUES (45, 483)
INSERT [dbo].[MarcaModeloVehiculo] ([IdMarca], [IdModelo]) VALUES (45, 484)
INSERT [dbo].[MarcaModeloVehiculo] ([IdMarca], [IdModelo]) VALUES (45, 485)
INSERT [dbo].[MarcaModeloVehiculo] ([IdMarca], [IdModelo]) VALUES (45, 486)
INSERT [dbo].[MarcaModeloVehiculo] ([IdMarca], [IdModelo]) VALUES (45, 487)
INSERT [dbo].[MarcaModeloVehiculo] ([IdMarca], [IdModelo]) VALUES (45, 488)
INSERT [dbo].[MarcaModeloVehiculo] ([IdMarca], [IdModelo]) VALUES (45, 489)
INSERT [dbo].[MarcaModeloVehiculo] ([IdMarca], [IdModelo]) VALUES (45, 490)
INSERT [dbo].[MarcaModeloVehiculo] ([IdMarca], [IdModelo]) VALUES (45, 491)
INSERT [dbo].[MarcaModeloVehiculo] ([IdMarca], [IdModelo]) VALUES (45, 492)
INSERT [dbo].[MarcaModeloVehiculo] ([IdMarca], [IdModelo]) VALUES (45, 493)
INSERT [dbo].[MarcaModeloVehiculo] ([IdMarca], [IdModelo]) VALUES (46, 494)
INSERT [dbo].[MarcaModeloVehiculo] ([IdMarca], [IdModelo]) VALUES (46, 495)
INSERT [dbo].[MarcaModeloVehiculo] ([IdMarca], [IdModelo]) VALUES (47, 496)
INSERT [dbo].[MarcaModeloVehiculo] ([IdMarca], [IdModelo]) VALUES (47, 497)
INSERT [dbo].[MarcaModeloVehiculo] ([IdMarca], [IdModelo]) VALUES (47, 498)
INSERT [dbo].[MarcaModeloVehiculo] ([IdMarca], [IdModelo]) VALUES (47, 499)
INSERT [dbo].[MarcaModeloVehiculo] ([IdMarca], [IdModelo]) VALUES (47, 500)
GO
INSERT [dbo].[MarcaModeloVehiculo] ([IdMarca], [IdModelo]) VALUES (47, 501)
INSERT [dbo].[MarcaModeloVehiculo] ([IdMarca], [IdModelo]) VALUES (48, 502)
INSERT [dbo].[MarcaModeloVehiculo] ([IdMarca], [IdModelo]) VALUES (48, 503)
INSERT [dbo].[MarcaModeloVehiculo] ([IdMarca], [IdModelo]) VALUES (48, 504)
INSERT [dbo].[MarcaModeloVehiculo] ([IdMarca], [IdModelo]) VALUES (48, 505)
INSERT [dbo].[MarcaModeloVehiculo] ([IdMarca], [IdModelo]) VALUES (48, 506)
INSERT [dbo].[MarcaModeloVehiculo] ([IdMarca], [IdModelo]) VALUES (48, 507)
INSERT [dbo].[MarcaModeloVehiculo] ([IdMarca], [IdModelo]) VALUES (48, 508)
INSERT [dbo].[MarcaModeloVehiculo] ([IdMarca], [IdModelo]) VALUES (48, 509)
INSERT [dbo].[MarcaModeloVehiculo] ([IdMarca], [IdModelo]) VALUES (48, 510)
INSERT [dbo].[MarcaModeloVehiculo] ([IdMarca], [IdModelo]) VALUES (48, 511)
INSERT [dbo].[MarcaModeloVehiculo] ([IdMarca], [IdModelo]) VALUES (48, 512)
INSERT [dbo].[MarcaModeloVehiculo] ([IdMarca], [IdModelo]) VALUES (48, 513)
INSERT [dbo].[MarcaModeloVehiculo] ([IdMarca], [IdModelo]) VALUES (48, 514)
INSERT [dbo].[MarcaModeloVehiculo] ([IdMarca], [IdModelo]) VALUES (49, 515)
INSERT [dbo].[MarcaModeloVehiculo] ([IdMarca], [IdModelo]) VALUES (50, 516)
INSERT [dbo].[MarcaModeloVehiculo] ([IdMarca], [IdModelo]) VALUES (50, 517)
INSERT [dbo].[MarcaModeloVehiculo] ([IdMarca], [IdModelo]) VALUES (50, 518)
INSERT [dbo].[MarcaModeloVehiculo] ([IdMarca], [IdModelo]) VALUES (50, 519)
INSERT [dbo].[MarcaModeloVehiculo] ([IdMarca], [IdModelo]) VALUES (50, 520)
INSERT [dbo].[MarcaModeloVehiculo] ([IdMarca], [IdModelo]) VALUES (50, 521)
INSERT [dbo].[MarcaModeloVehiculo] ([IdMarca], [IdModelo]) VALUES (50, 522)
INSERT [dbo].[MarcaModeloVehiculo] ([IdMarca], [IdModelo]) VALUES (50, 523)
INSERT [dbo].[MarcaModeloVehiculo] ([IdMarca], [IdModelo]) VALUES (50, 524)
INSERT [dbo].[MarcaModeloVehiculo] ([IdMarca], [IdModelo]) VALUES (50, 525)
INSERT [dbo].[MarcaModeloVehiculo] ([IdMarca], [IdModelo]) VALUES (50, 526)
INSERT [dbo].[MarcaModeloVehiculo] ([IdMarca], [IdModelo]) VALUES (50, 527)
INSERT [dbo].[MarcaModeloVehiculo] ([IdMarca], [IdModelo]) VALUES (50, 528)
INSERT [dbo].[MarcaModeloVehiculo] ([IdMarca], [IdModelo]) VALUES (50, 529)
INSERT [dbo].[MarcaModeloVehiculo] ([IdMarca], [IdModelo]) VALUES (50, 530)
INSERT [dbo].[MarcaModeloVehiculo] ([IdMarca], [IdModelo]) VALUES (50, 531)
INSERT [dbo].[MarcaModeloVehiculo] ([IdMarca], [IdModelo]) VALUES (50, 532)
INSERT [dbo].[MarcaModeloVehiculo] ([IdMarca], [IdModelo]) VALUES (50, 533)
INSERT [dbo].[MarcaModeloVehiculo] ([IdMarca], [IdModelo]) VALUES (50, 534)
INSERT [dbo].[MarcaModeloVehiculo] ([IdMarca], [IdModelo]) VALUES (50, 535)
INSERT [dbo].[MarcaModeloVehiculo] ([IdMarca], [IdModelo]) VALUES (50, 536)
INSERT [dbo].[MarcaModeloVehiculo] ([IdMarca], [IdModelo]) VALUES (50, 537)
INSERT [dbo].[MarcaModeloVehiculo] ([IdMarca], [IdModelo]) VALUES (50, 538)
INSERT [dbo].[MarcaModeloVehiculo] ([IdMarca], [IdModelo]) VALUES (50, 539)
INSERT [dbo].[MarcaModeloVehiculo] ([IdMarca], [IdModelo]) VALUES (51, 540)
INSERT [dbo].[MarcaModeloVehiculo] ([IdMarca], [IdModelo]) VALUES (51, 541)
INSERT [dbo].[MarcaModeloVehiculo] ([IdMarca], [IdModelo]) VALUES (51, 542)
INSERT [dbo].[MarcaModeloVehiculo] ([IdMarca], [IdModelo]) VALUES (51, 543)
INSERT [dbo].[MarcaModeloVehiculo] ([IdMarca], [IdModelo]) VALUES (51, 544)
INSERT [dbo].[MarcaModeloVehiculo] ([IdMarca], [IdModelo]) VALUES (51, 545)
INSERT [dbo].[MarcaModeloVehiculo] ([IdMarca], [IdModelo]) VALUES (51, 546)
INSERT [dbo].[MarcaModeloVehiculo] ([IdMarca], [IdModelo]) VALUES (51, 547)
INSERT [dbo].[MarcaModeloVehiculo] ([IdMarca], [IdModelo]) VALUES (51, 548)
INSERT [dbo].[MarcaModeloVehiculo] ([IdMarca], [IdModelo]) VALUES (51, 549)
INSERT [dbo].[MarcaModeloVehiculo] ([IdMarca], [IdModelo]) VALUES (51, 550)
INSERT [dbo].[MarcaModeloVehiculo] ([IdMarca], [IdModelo]) VALUES (51, 551)
INSERT [dbo].[MarcaModeloVehiculo] ([IdMarca], [IdModelo]) VALUES (51, 552)
INSERT [dbo].[MarcaModeloVehiculo] ([IdMarca], [IdModelo]) VALUES (51, 553)
INSERT [dbo].[MarcaModeloVehiculo] ([IdMarca], [IdModelo]) VALUES (51, 554)
INSERT [dbo].[MarcaModeloVehiculo] ([IdMarca], [IdModelo]) VALUES (51, 555)
INSERT [dbo].[MarcaModeloVehiculo] ([IdMarca], [IdModelo]) VALUES (51, 556)
INSERT [dbo].[MarcaModeloVehiculo] ([IdMarca], [IdModelo]) VALUES (51, 557)
INSERT [dbo].[MarcaModeloVehiculo] ([IdMarca], [IdModelo]) VALUES (51, 558)
INSERT [dbo].[MarcaModeloVehiculo] ([IdMarca], [IdModelo]) VALUES (51, 559)
INSERT [dbo].[MarcaModeloVehiculo] ([IdMarca], [IdModelo]) VALUES (51, 560)
INSERT [dbo].[MarcaModeloVehiculo] ([IdMarca], [IdModelo]) VALUES (51, 561)
INSERT [dbo].[MarcaModeloVehiculo] ([IdMarca], [IdModelo]) VALUES (51, 562)
INSERT [dbo].[MarcaModeloVehiculo] ([IdMarca], [IdModelo]) VALUES (51, 563)
INSERT [dbo].[MarcaModeloVehiculo] ([IdMarca], [IdModelo]) VALUES (51, 564)
INSERT [dbo].[MarcaModeloVehiculo] ([IdMarca], [IdModelo]) VALUES (51, 565)
INSERT [dbo].[MarcaModeloVehiculo] ([IdMarca], [IdModelo]) VALUES (51, 566)
INSERT [dbo].[MarcaModeloVehiculo] ([IdMarca], [IdModelo]) VALUES (51, 567)
INSERT [dbo].[MarcaModeloVehiculo] ([IdMarca], [IdModelo]) VALUES (51, 568)
INSERT [dbo].[MarcaModeloVehiculo] ([IdMarca], [IdModelo]) VALUES (51, 569)
INSERT [dbo].[MarcaModeloVehiculo] ([IdMarca], [IdModelo]) VALUES (51, 570)
INSERT [dbo].[MarcaModeloVehiculo] ([IdMarca], [IdModelo]) VALUES (51, 571)
INSERT [dbo].[MarcaModeloVehiculo] ([IdMarca], [IdModelo]) VALUES (51, 572)
INSERT [dbo].[MarcaModeloVehiculo] ([IdMarca], [IdModelo]) VALUES (51, 573)
INSERT [dbo].[MarcaModeloVehiculo] ([IdMarca], [IdModelo]) VALUES (51, 574)
INSERT [dbo].[MarcaModeloVehiculo] ([IdMarca], [IdModelo]) VALUES (51, 575)
INSERT [dbo].[MarcaModeloVehiculo] ([IdMarca], [IdModelo]) VALUES (51, 576)
INSERT [dbo].[MarcaModeloVehiculo] ([IdMarca], [IdModelo]) VALUES (51, 577)
INSERT [dbo].[MarcaModeloVehiculo] ([IdMarca], [IdModelo]) VALUES (51, 578)
INSERT [dbo].[MarcaModeloVehiculo] ([IdMarca], [IdModelo]) VALUES (51, 579)
INSERT [dbo].[MarcaModeloVehiculo] ([IdMarca], [IdModelo]) VALUES (52, 580)
INSERT [dbo].[MarcaModeloVehiculo] ([IdMarca], [IdModelo]) VALUES (52, 581)
INSERT [dbo].[MarcaModeloVehiculo] ([IdMarca], [IdModelo]) VALUES (52, 582)
INSERT [dbo].[MarcaModeloVehiculo] ([IdMarca], [IdModelo]) VALUES (52, 583)
INSERT [dbo].[MarcaModeloVehiculo] ([IdMarca], [IdModelo]) VALUES (52, 584)
INSERT [dbo].[MarcaModeloVehiculo] ([IdMarca], [IdModelo]) VALUES (52, 585)
INSERT [dbo].[MarcaModeloVehiculo] ([IdMarca], [IdModelo]) VALUES (52, 586)
INSERT [dbo].[MarcaModeloVehiculo] ([IdMarca], [IdModelo]) VALUES (52, 587)
INSERT [dbo].[MarcaModeloVehiculo] ([IdMarca], [IdModelo]) VALUES (52, 588)
INSERT [dbo].[MarcaModeloVehiculo] ([IdMarca], [IdModelo]) VALUES (53, 1006)
INSERT [dbo].[MarcaModeloVehiculo] ([IdMarca], [IdModelo]) VALUES (53, 1007)
INSERT [dbo].[MarcaModeloVehiculo] ([IdMarca], [IdModelo]) VALUES (53, 1008)
INSERT [dbo].[MarcaModeloVehiculo] ([IdMarca], [IdModelo]) VALUES (54, 589)
INSERT [dbo].[MarcaModeloVehiculo] ([IdMarca], [IdModelo]) VALUES (54, 590)
INSERT [dbo].[MarcaModeloVehiculo] ([IdMarca], [IdModelo]) VALUES (54, 591)
INSERT [dbo].[MarcaModeloVehiculo] ([IdMarca], [IdModelo]) VALUES (54, 592)
INSERT [dbo].[MarcaModeloVehiculo] ([IdMarca], [IdModelo]) VALUES (54, 593)
INSERT [dbo].[MarcaModeloVehiculo] ([IdMarca], [IdModelo]) VALUES (54, 594)
INSERT [dbo].[MarcaModeloVehiculo] ([IdMarca], [IdModelo]) VALUES (54, 595)
INSERT [dbo].[MarcaModeloVehiculo] ([IdMarca], [IdModelo]) VALUES (54, 596)
INSERT [dbo].[MarcaModeloVehiculo] ([IdMarca], [IdModelo]) VALUES (54, 597)
GO
INSERT [dbo].[MarcaModeloVehiculo] ([IdMarca], [IdModelo]) VALUES (54, 598)
INSERT [dbo].[MarcaModeloVehiculo] ([IdMarca], [IdModelo]) VALUES (54, 599)
INSERT [dbo].[MarcaModeloVehiculo] ([IdMarca], [IdModelo]) VALUES (54, 600)
INSERT [dbo].[MarcaModeloVehiculo] ([IdMarca], [IdModelo]) VALUES (54, 601)
INSERT [dbo].[MarcaModeloVehiculo] ([IdMarca], [IdModelo]) VALUES (54, 602)
INSERT [dbo].[MarcaModeloVehiculo] ([IdMarca], [IdModelo]) VALUES (54, 603)
INSERT [dbo].[MarcaModeloVehiculo] ([IdMarca], [IdModelo]) VALUES (54, 604)
INSERT [dbo].[MarcaModeloVehiculo] ([IdMarca], [IdModelo]) VALUES (54, 605)
INSERT [dbo].[MarcaModeloVehiculo] ([IdMarca], [IdModelo]) VALUES (54, 606)
INSERT [dbo].[MarcaModeloVehiculo] ([IdMarca], [IdModelo]) VALUES (54, 607)
INSERT [dbo].[MarcaModeloVehiculo] ([IdMarca], [IdModelo]) VALUES (54, 608)
INSERT [dbo].[MarcaModeloVehiculo] ([IdMarca], [IdModelo]) VALUES (55, 609)
INSERT [dbo].[MarcaModeloVehiculo] ([IdMarca], [IdModelo]) VALUES (55, 610)
INSERT [dbo].[MarcaModeloVehiculo] ([IdMarca], [IdModelo]) VALUES (55, 611)
INSERT [dbo].[MarcaModeloVehiculo] ([IdMarca], [IdModelo]) VALUES (55, 612)
INSERT [dbo].[MarcaModeloVehiculo] ([IdMarca], [IdModelo]) VALUES (55, 613)
INSERT [dbo].[MarcaModeloVehiculo] ([IdMarca], [IdModelo]) VALUES (55, 614)
INSERT [dbo].[MarcaModeloVehiculo] ([IdMarca], [IdModelo]) VALUES (55, 615)
INSERT [dbo].[MarcaModeloVehiculo] ([IdMarca], [IdModelo]) VALUES (56, 616)
INSERT [dbo].[MarcaModeloVehiculo] ([IdMarca], [IdModelo]) VALUES (56, 617)
INSERT [dbo].[MarcaModeloVehiculo] ([IdMarca], [IdModelo]) VALUES (56, 618)
INSERT [dbo].[MarcaModeloVehiculo] ([IdMarca], [IdModelo]) VALUES (56, 619)
INSERT [dbo].[MarcaModeloVehiculo] ([IdMarca], [IdModelo]) VALUES (56, 620)
INSERT [dbo].[MarcaModeloVehiculo] ([IdMarca], [IdModelo]) VALUES (56, 621)
INSERT [dbo].[MarcaModeloVehiculo] ([IdMarca], [IdModelo]) VALUES (56, 622)
INSERT [dbo].[MarcaModeloVehiculo] ([IdMarca], [IdModelo]) VALUES (56, 623)
INSERT [dbo].[MarcaModeloVehiculo] ([IdMarca], [IdModelo]) VALUES (56, 624)
INSERT [dbo].[MarcaModeloVehiculo] ([IdMarca], [IdModelo]) VALUES (56, 625)
INSERT [dbo].[MarcaModeloVehiculo] ([IdMarca], [IdModelo]) VALUES (56, 626)
INSERT [dbo].[MarcaModeloVehiculo] ([IdMarca], [IdModelo]) VALUES (56, 627)
INSERT [dbo].[MarcaModeloVehiculo] ([IdMarca], [IdModelo]) VALUES (56, 628)
INSERT [dbo].[MarcaModeloVehiculo] ([IdMarca], [IdModelo]) VALUES (56, 629)
INSERT [dbo].[MarcaModeloVehiculo] ([IdMarca], [IdModelo]) VALUES (56, 630)
INSERT [dbo].[MarcaModeloVehiculo] ([IdMarca], [IdModelo]) VALUES (56, 631)
INSERT [dbo].[MarcaModeloVehiculo] ([IdMarca], [IdModelo]) VALUES (56, 632)
INSERT [dbo].[MarcaModeloVehiculo] ([IdMarca], [IdModelo]) VALUES (56, 633)
INSERT [dbo].[MarcaModeloVehiculo] ([IdMarca], [IdModelo]) VALUES (56, 634)
INSERT [dbo].[MarcaModeloVehiculo] ([IdMarca], [IdModelo]) VALUES (56, 635)
INSERT [dbo].[MarcaModeloVehiculo] ([IdMarca], [IdModelo]) VALUES (56, 636)
INSERT [dbo].[MarcaModeloVehiculo] ([IdMarca], [IdModelo]) VALUES (56, 637)
INSERT [dbo].[MarcaModeloVehiculo] ([IdMarca], [IdModelo]) VALUES (56, 638)
INSERT [dbo].[MarcaModeloVehiculo] ([IdMarca], [IdModelo]) VALUES (56, 639)
INSERT [dbo].[MarcaModeloVehiculo] ([IdMarca], [IdModelo]) VALUES (56, 640)
INSERT [dbo].[MarcaModeloVehiculo] ([IdMarca], [IdModelo]) VALUES (56, 641)
INSERT [dbo].[MarcaModeloVehiculo] ([IdMarca], [IdModelo]) VALUES (56, 642)
INSERT [dbo].[MarcaModeloVehiculo] ([IdMarca], [IdModelo]) VALUES (56, 643)
INSERT [dbo].[MarcaModeloVehiculo] ([IdMarca], [IdModelo]) VALUES (56, 644)
INSERT [dbo].[MarcaModeloVehiculo] ([IdMarca], [IdModelo]) VALUES (56, 645)
INSERT [dbo].[MarcaModeloVehiculo] ([IdMarca], [IdModelo]) VALUES (56, 646)
INSERT [dbo].[MarcaModeloVehiculo] ([IdMarca], [IdModelo]) VALUES (56, 647)
INSERT [dbo].[MarcaModeloVehiculo] ([IdMarca], [IdModelo]) VALUES (56, 648)
INSERT [dbo].[MarcaModeloVehiculo] ([IdMarca], [IdModelo]) VALUES (56, 649)
INSERT [dbo].[MarcaModeloVehiculo] ([IdMarca], [IdModelo]) VALUES (56, 650)
INSERT [dbo].[MarcaModeloVehiculo] ([IdMarca], [IdModelo]) VALUES (56, 651)
INSERT [dbo].[MarcaModeloVehiculo] ([IdMarca], [IdModelo]) VALUES (56, 652)
INSERT [dbo].[MarcaModeloVehiculo] ([IdMarca], [IdModelo]) VALUES (56, 653)
INSERT [dbo].[MarcaModeloVehiculo] ([IdMarca], [IdModelo]) VALUES (56, 654)
INSERT [dbo].[MarcaModeloVehiculo] ([IdMarca], [IdModelo]) VALUES (56, 655)
INSERT [dbo].[MarcaModeloVehiculo] ([IdMarca], [IdModelo]) VALUES (56, 656)
INSERT [dbo].[MarcaModeloVehiculo] ([IdMarca], [IdModelo]) VALUES (57, 657)
INSERT [dbo].[MarcaModeloVehiculo] ([IdMarca], [IdModelo]) VALUES (57, 658)
INSERT [dbo].[MarcaModeloVehiculo] ([IdMarca], [IdModelo]) VALUES (57, 659)
INSERT [dbo].[MarcaModeloVehiculo] ([IdMarca], [IdModelo]) VALUES (57, 660)
INSERT [dbo].[MarcaModeloVehiculo] ([IdMarca], [IdModelo]) VALUES (57, 661)
INSERT [dbo].[MarcaModeloVehiculo] ([IdMarca], [IdModelo]) VALUES (57, 662)
INSERT [dbo].[MarcaModeloVehiculo] ([IdMarca], [IdModelo]) VALUES (57, 663)
INSERT [dbo].[MarcaModeloVehiculo] ([IdMarca], [IdModelo]) VALUES (57, 664)
INSERT [dbo].[MarcaModeloVehiculo] ([IdMarca], [IdModelo]) VALUES (57, 665)
INSERT [dbo].[MarcaModeloVehiculo] ([IdMarca], [IdModelo]) VALUES (57, 666)
INSERT [dbo].[MarcaModeloVehiculo] ([IdMarca], [IdModelo]) VALUES (57, 667)
INSERT [dbo].[MarcaModeloVehiculo] ([IdMarca], [IdModelo]) VALUES (57, 668)
INSERT [dbo].[MarcaModeloVehiculo] ([IdMarca], [IdModelo]) VALUES (57, 669)
INSERT [dbo].[MarcaModeloVehiculo] ([IdMarca], [IdModelo]) VALUES (57, 670)
INSERT [dbo].[MarcaModeloVehiculo] ([IdMarca], [IdModelo]) VALUES (57, 671)
INSERT [dbo].[MarcaModeloVehiculo] ([IdMarca], [IdModelo]) VALUES (57, 672)
INSERT [dbo].[MarcaModeloVehiculo] ([IdMarca], [IdModelo]) VALUES (57, 673)
INSERT [dbo].[MarcaModeloVehiculo] ([IdMarca], [IdModelo]) VALUES (57, 674)
INSERT [dbo].[MarcaModeloVehiculo] ([IdMarca], [IdModelo]) VALUES (57, 675)
INSERT [dbo].[MarcaModeloVehiculo] ([IdMarca], [IdModelo]) VALUES (57, 676)
INSERT [dbo].[MarcaModeloVehiculo] ([IdMarca], [IdModelo]) VALUES (57, 677)
INSERT [dbo].[MarcaModeloVehiculo] ([IdMarca], [IdModelo]) VALUES (57, 678)
INSERT [dbo].[MarcaModeloVehiculo] ([IdMarca], [IdModelo]) VALUES (57, 679)
INSERT [dbo].[MarcaModeloVehiculo] ([IdMarca], [IdModelo]) VALUES (57, 680)
INSERT [dbo].[MarcaModeloVehiculo] ([IdMarca], [IdModelo]) VALUES (57, 681)
INSERT [dbo].[MarcaModeloVehiculo] ([IdMarca], [IdModelo]) VALUES (57, 682)
INSERT [dbo].[MarcaModeloVehiculo] ([IdMarca], [IdModelo]) VALUES (57, 683)
INSERT [dbo].[MarcaModeloVehiculo] ([IdMarca], [IdModelo]) VALUES (57, 684)
INSERT [dbo].[MarcaModeloVehiculo] ([IdMarca], [IdModelo]) VALUES (57, 685)
INSERT [dbo].[MarcaModeloVehiculo] ([IdMarca], [IdModelo]) VALUES (57, 686)
INSERT [dbo].[MarcaModeloVehiculo] ([IdMarca], [IdModelo]) VALUES (58, 687)
INSERT [dbo].[MarcaModeloVehiculo] ([IdMarca], [IdModelo]) VALUES (58, 688)
INSERT [dbo].[MarcaModeloVehiculo] ([IdMarca], [IdModelo]) VALUES (58, 689)
INSERT [dbo].[MarcaModeloVehiculo] ([IdMarca], [IdModelo]) VALUES (58, 690)
INSERT [dbo].[MarcaModeloVehiculo] ([IdMarca], [IdModelo]) VALUES (58, 691)
INSERT [dbo].[MarcaModeloVehiculo] ([IdMarca], [IdModelo]) VALUES (58, 692)
INSERT [dbo].[MarcaModeloVehiculo] ([IdMarca], [IdModelo]) VALUES (58, 693)
INSERT [dbo].[MarcaModeloVehiculo] ([IdMarca], [IdModelo]) VALUES (58, 694)
INSERT [dbo].[MarcaModeloVehiculo] ([IdMarca], [IdModelo]) VALUES (58, 695)
INSERT [dbo].[MarcaModeloVehiculo] ([IdMarca], [IdModelo]) VALUES (58, 696)
INSERT [dbo].[MarcaModeloVehiculo] ([IdMarca], [IdModelo]) VALUES (58, 697)
GO
INSERT [dbo].[MarcaModeloVehiculo] ([IdMarca], [IdModelo]) VALUES (58, 698)
INSERT [dbo].[MarcaModeloVehiculo] ([IdMarca], [IdModelo]) VALUES (58, 699)
INSERT [dbo].[MarcaModeloVehiculo] ([IdMarca], [IdModelo]) VALUES (58, 700)
INSERT [dbo].[MarcaModeloVehiculo] ([IdMarca], [IdModelo]) VALUES (58, 701)
INSERT [dbo].[MarcaModeloVehiculo] ([IdMarca], [IdModelo]) VALUES (58, 702)
INSERT [dbo].[MarcaModeloVehiculo] ([IdMarca], [IdModelo]) VALUES (58, 703)
INSERT [dbo].[MarcaModeloVehiculo] ([IdMarca], [IdModelo]) VALUES (58, 704)
INSERT [dbo].[MarcaModeloVehiculo] ([IdMarca], [IdModelo]) VALUES (58, 705)
INSERT [dbo].[MarcaModeloVehiculo] ([IdMarca], [IdModelo]) VALUES (58, 706)
INSERT [dbo].[MarcaModeloVehiculo] ([IdMarca], [IdModelo]) VALUES (58, 707)
INSERT [dbo].[MarcaModeloVehiculo] ([IdMarca], [IdModelo]) VALUES (58, 708)
INSERT [dbo].[MarcaModeloVehiculo] ([IdMarca], [IdModelo]) VALUES (58, 709)
INSERT [dbo].[MarcaModeloVehiculo] ([IdMarca], [IdModelo]) VALUES (58, 710)
INSERT [dbo].[MarcaModeloVehiculo] ([IdMarca], [IdModelo]) VALUES (58, 711)
INSERT [dbo].[MarcaModeloVehiculo] ([IdMarca], [IdModelo]) VALUES (58, 712)
INSERT [dbo].[MarcaModeloVehiculo] ([IdMarca], [IdModelo]) VALUES (58, 713)
INSERT [dbo].[MarcaModeloVehiculo] ([IdMarca], [IdModelo]) VALUES (58, 714)
INSERT [dbo].[MarcaModeloVehiculo] ([IdMarca], [IdModelo]) VALUES (58, 715)
INSERT [dbo].[MarcaModeloVehiculo] ([IdMarca], [IdModelo]) VALUES (58, 716)
INSERT [dbo].[MarcaModeloVehiculo] ([IdMarca], [IdModelo]) VALUES (58, 717)
INSERT [dbo].[MarcaModeloVehiculo] ([IdMarca], [IdModelo]) VALUES (58, 718)
INSERT [dbo].[MarcaModeloVehiculo] ([IdMarca], [IdModelo]) VALUES (58, 719)
INSERT [dbo].[MarcaModeloVehiculo] ([IdMarca], [IdModelo]) VALUES (58, 720)
INSERT [dbo].[MarcaModeloVehiculo] ([IdMarca], [IdModelo]) VALUES (58, 721)
INSERT [dbo].[MarcaModeloVehiculo] ([IdMarca], [IdModelo]) VALUES (59, 722)
INSERT [dbo].[MarcaModeloVehiculo] ([IdMarca], [IdModelo]) VALUES (59, 723)
INSERT [dbo].[MarcaModeloVehiculo] ([IdMarca], [IdModelo]) VALUES (59, 724)
INSERT [dbo].[MarcaModeloVehiculo] ([IdMarca], [IdModelo]) VALUES (60, 725)
INSERT [dbo].[MarcaModeloVehiculo] ([IdMarca], [IdModelo]) VALUES (60, 726)
INSERT [dbo].[MarcaModeloVehiculo] ([IdMarca], [IdModelo]) VALUES (60, 727)
INSERT [dbo].[MarcaModeloVehiculo] ([IdMarca], [IdModelo]) VALUES (60, 728)
INSERT [dbo].[MarcaModeloVehiculo] ([IdMarca], [IdModelo]) VALUES (60, 729)
INSERT [dbo].[MarcaModeloVehiculo] ([IdMarca], [IdModelo]) VALUES (60, 730)
INSERT [dbo].[MarcaModeloVehiculo] ([IdMarca], [IdModelo]) VALUES (60, 731)
INSERT [dbo].[MarcaModeloVehiculo] ([IdMarca], [IdModelo]) VALUES (60, 732)
INSERT [dbo].[MarcaModeloVehiculo] ([IdMarca], [IdModelo]) VALUES (60, 733)
INSERT [dbo].[MarcaModeloVehiculo] ([IdMarca], [IdModelo]) VALUES (60, 734)
INSERT [dbo].[MarcaModeloVehiculo] ([IdMarca], [IdModelo]) VALUES (60, 735)
INSERT [dbo].[MarcaModeloVehiculo] ([IdMarca], [IdModelo]) VALUES (61, 736)
INSERT [dbo].[MarcaModeloVehiculo] ([IdMarca], [IdModelo]) VALUES (61, 737)
INSERT [dbo].[MarcaModeloVehiculo] ([IdMarca], [IdModelo]) VALUES (61, 738)
INSERT [dbo].[MarcaModeloVehiculo] ([IdMarca], [IdModelo]) VALUES (61, 739)
INSERT [dbo].[MarcaModeloVehiculo] ([IdMarca], [IdModelo]) VALUES (61, 740)
INSERT [dbo].[MarcaModeloVehiculo] ([IdMarca], [IdModelo]) VALUES (61, 741)
INSERT [dbo].[MarcaModeloVehiculo] ([IdMarca], [IdModelo]) VALUES (61, 742)
INSERT [dbo].[MarcaModeloVehiculo] ([IdMarca], [IdModelo]) VALUES (61, 743)
INSERT [dbo].[MarcaModeloVehiculo] ([IdMarca], [IdModelo]) VALUES (61, 744)
INSERT [dbo].[MarcaModeloVehiculo] ([IdMarca], [IdModelo]) VALUES (61, 745)
INSERT [dbo].[MarcaModeloVehiculo] ([IdMarca], [IdModelo]) VALUES (61, 746)
INSERT [dbo].[MarcaModeloVehiculo] ([IdMarca], [IdModelo]) VALUES (61, 747)
INSERT [dbo].[MarcaModeloVehiculo] ([IdMarca], [IdModelo]) VALUES (61, 748)
INSERT [dbo].[MarcaModeloVehiculo] ([IdMarca], [IdModelo]) VALUES (61, 749)
INSERT [dbo].[MarcaModeloVehiculo] ([IdMarca], [IdModelo]) VALUES (61, 750)
INSERT [dbo].[MarcaModeloVehiculo] ([IdMarca], [IdModelo]) VALUES (61, 751)
INSERT [dbo].[MarcaModeloVehiculo] ([IdMarca], [IdModelo]) VALUES (61, 752)
INSERT [dbo].[MarcaModeloVehiculo] ([IdMarca], [IdModelo]) VALUES (61, 753)
INSERT [dbo].[MarcaModeloVehiculo] ([IdMarca], [IdModelo]) VALUES (61, 754)
INSERT [dbo].[MarcaModeloVehiculo] ([IdMarca], [IdModelo]) VALUES (61, 755)
INSERT [dbo].[MarcaModeloVehiculo] ([IdMarca], [IdModelo]) VALUES (61, 756)
INSERT [dbo].[MarcaModeloVehiculo] ([IdMarca], [IdModelo]) VALUES (61, 757)
INSERT [dbo].[MarcaModeloVehiculo] ([IdMarca], [IdModelo]) VALUES (61, 758)
INSERT [dbo].[MarcaModeloVehiculo] ([IdMarca], [IdModelo]) VALUES (61, 759)
INSERT [dbo].[MarcaModeloVehiculo] ([IdMarca], [IdModelo]) VALUES (61, 760)
INSERT [dbo].[MarcaModeloVehiculo] ([IdMarca], [IdModelo]) VALUES (61, 761)
INSERT [dbo].[MarcaModeloVehiculo] ([IdMarca], [IdModelo]) VALUES (61, 762)
INSERT [dbo].[MarcaModeloVehiculo] ([IdMarca], [IdModelo]) VALUES (61, 763)
INSERT [dbo].[MarcaModeloVehiculo] ([IdMarca], [IdModelo]) VALUES (61, 764)
INSERT [dbo].[MarcaModeloVehiculo] ([IdMarca], [IdModelo]) VALUES (61, 765)
INSERT [dbo].[MarcaModeloVehiculo] ([IdMarca], [IdModelo]) VALUES (61, 766)
INSERT [dbo].[MarcaModeloVehiculo] ([IdMarca], [IdModelo]) VALUES (61, 767)
INSERT [dbo].[MarcaModeloVehiculo] ([IdMarca], [IdModelo]) VALUES (61, 768)
INSERT [dbo].[MarcaModeloVehiculo] ([IdMarca], [IdModelo]) VALUES (61, 769)
INSERT [dbo].[MarcaModeloVehiculo] ([IdMarca], [IdModelo]) VALUES (61, 770)
INSERT [dbo].[MarcaModeloVehiculo] ([IdMarca], [IdModelo]) VALUES (61, 771)
INSERT [dbo].[MarcaModeloVehiculo] ([IdMarca], [IdModelo]) VALUES (61, 772)
INSERT [dbo].[MarcaModeloVehiculo] ([IdMarca], [IdModelo]) VALUES (61, 773)
INSERT [dbo].[MarcaModeloVehiculo] ([IdMarca], [IdModelo]) VALUES (61, 774)
INSERT [dbo].[MarcaModeloVehiculo] ([IdMarca], [IdModelo]) VALUES (61, 775)
INSERT [dbo].[MarcaModeloVehiculo] ([IdMarca], [IdModelo]) VALUES (62, 776)
INSERT [dbo].[MarcaModeloVehiculo] ([IdMarca], [IdModelo]) VALUES (62, 777)
INSERT [dbo].[MarcaModeloVehiculo] ([IdMarca], [IdModelo]) VALUES (62, 778)
INSERT [dbo].[MarcaModeloVehiculo] ([IdMarca], [IdModelo]) VALUES (62, 779)
INSERT [dbo].[MarcaModeloVehiculo] ([IdMarca], [IdModelo]) VALUES (62, 780)
INSERT [dbo].[MarcaModeloVehiculo] ([IdMarca], [IdModelo]) VALUES (62, 781)
INSERT [dbo].[MarcaModeloVehiculo] ([IdMarca], [IdModelo]) VALUES (62, 782)
INSERT [dbo].[MarcaModeloVehiculo] ([IdMarca], [IdModelo]) VALUES (62, 783)
INSERT [dbo].[MarcaModeloVehiculo] ([IdMarca], [IdModelo]) VALUES (63, 784)
INSERT [dbo].[MarcaModeloVehiculo] ([IdMarca], [IdModelo]) VALUES (63, 785)
INSERT [dbo].[MarcaModeloVehiculo] ([IdMarca], [IdModelo]) VALUES (63, 786)
INSERT [dbo].[MarcaModeloVehiculo] ([IdMarca], [IdModelo]) VALUES (63, 787)
INSERT [dbo].[MarcaModeloVehiculo] ([IdMarca], [IdModelo]) VALUES (63, 788)
INSERT [dbo].[MarcaModeloVehiculo] ([IdMarca], [IdModelo]) VALUES (63, 789)
INSERT [dbo].[MarcaModeloVehiculo] ([IdMarca], [IdModelo]) VALUES (63, 790)
INSERT [dbo].[MarcaModeloVehiculo] ([IdMarca], [IdModelo]) VALUES (63, 791)
INSERT [dbo].[MarcaModeloVehiculo] ([IdMarca], [IdModelo]) VALUES (63, 792)
INSERT [dbo].[MarcaModeloVehiculo] ([IdMarca], [IdModelo]) VALUES (63, 793)
INSERT [dbo].[MarcaModeloVehiculo] ([IdMarca], [IdModelo]) VALUES (63, 794)
INSERT [dbo].[MarcaModeloVehiculo] ([IdMarca], [IdModelo]) VALUES (63, 795)
INSERT [dbo].[MarcaModeloVehiculo] ([IdMarca], [IdModelo]) VALUES (63, 796)
INSERT [dbo].[MarcaModeloVehiculo] ([IdMarca], [IdModelo]) VALUES (64, 797)
GO
INSERT [dbo].[MarcaModeloVehiculo] ([IdMarca], [IdModelo]) VALUES (64, 798)
INSERT [dbo].[MarcaModeloVehiculo] ([IdMarca], [IdModelo]) VALUES (64, 799)
INSERT [dbo].[MarcaModeloVehiculo] ([IdMarca], [IdModelo]) VALUES (64, 800)
INSERT [dbo].[MarcaModeloVehiculo] ([IdMarca], [IdModelo]) VALUES (64, 801)
INSERT [dbo].[MarcaModeloVehiculo] ([IdMarca], [IdModelo]) VALUES (64, 802)
INSERT [dbo].[MarcaModeloVehiculo] ([IdMarca], [IdModelo]) VALUES (65, 803)
INSERT [dbo].[MarcaModeloVehiculo] ([IdMarca], [IdModelo]) VALUES (65, 804)
INSERT [dbo].[MarcaModeloVehiculo] ([IdMarca], [IdModelo]) VALUES (65, 805)
INSERT [dbo].[MarcaModeloVehiculo] ([IdMarca], [IdModelo]) VALUES (65, 806)
INSERT [dbo].[MarcaModeloVehiculo] ([IdMarca], [IdModelo]) VALUES (66, 807)
INSERT [dbo].[MarcaModeloVehiculo] ([IdMarca], [IdModelo]) VALUES (66, 808)
INSERT [dbo].[MarcaModeloVehiculo] ([IdMarca], [IdModelo]) VALUES (66, 809)
INSERT [dbo].[MarcaModeloVehiculo] ([IdMarca], [IdModelo]) VALUES (66, 810)
INSERT [dbo].[MarcaModeloVehiculo] ([IdMarca], [IdModelo]) VALUES (66, 811)
INSERT [dbo].[MarcaModeloVehiculo] ([IdMarca], [IdModelo]) VALUES (66, 812)
INSERT [dbo].[MarcaModeloVehiculo] ([IdMarca], [IdModelo]) VALUES (66, 813)
INSERT [dbo].[MarcaModeloVehiculo] ([IdMarca], [IdModelo]) VALUES (66, 814)
INSERT [dbo].[MarcaModeloVehiculo] ([IdMarca], [IdModelo]) VALUES (66, 815)
INSERT [dbo].[MarcaModeloVehiculo] ([IdMarca], [IdModelo]) VALUES (66, 816)
INSERT [dbo].[MarcaModeloVehiculo] ([IdMarca], [IdModelo]) VALUES (66, 817)
INSERT [dbo].[MarcaModeloVehiculo] ([IdMarca], [IdModelo]) VALUES (66, 818)
INSERT [dbo].[MarcaModeloVehiculo] ([IdMarca], [IdModelo]) VALUES (66, 819)
INSERT [dbo].[MarcaModeloVehiculo] ([IdMarca], [IdModelo]) VALUES (66, 820)
INSERT [dbo].[MarcaModeloVehiculo] ([IdMarca], [IdModelo]) VALUES (66, 821)
INSERT [dbo].[MarcaModeloVehiculo] ([IdMarca], [IdModelo]) VALUES (66, 822)
INSERT [dbo].[MarcaModeloVehiculo] ([IdMarca], [IdModelo]) VALUES (67, 823)
INSERT [dbo].[MarcaModeloVehiculo] ([IdMarca], [IdModelo]) VALUES (67, 824)
INSERT [dbo].[MarcaModeloVehiculo] ([IdMarca], [IdModelo]) VALUES (67, 825)
INSERT [dbo].[MarcaModeloVehiculo] ([IdMarca], [IdModelo]) VALUES (67, 826)
INSERT [dbo].[MarcaModeloVehiculo] ([IdMarca], [IdModelo]) VALUES (67, 827)
INSERT [dbo].[MarcaModeloVehiculo] ([IdMarca], [IdModelo]) VALUES (67, 828)
INSERT [dbo].[MarcaModeloVehiculo] ([IdMarca], [IdModelo]) VALUES (67, 829)
INSERT [dbo].[MarcaModeloVehiculo] ([IdMarca], [IdModelo]) VALUES (67, 830)
INSERT [dbo].[MarcaModeloVehiculo] ([IdMarca], [IdModelo]) VALUES (67, 831)
INSERT [dbo].[MarcaModeloVehiculo] ([IdMarca], [IdModelo]) VALUES (67, 832)
INSERT [dbo].[MarcaModeloVehiculo] ([IdMarca], [IdModelo]) VALUES (67, 833)
INSERT [dbo].[MarcaModeloVehiculo] ([IdMarca], [IdModelo]) VALUES (67, 834)
INSERT [dbo].[MarcaModeloVehiculo] ([IdMarca], [IdModelo]) VALUES (67, 835)
INSERT [dbo].[MarcaModeloVehiculo] ([IdMarca], [IdModelo]) VALUES (67, 836)
INSERT [dbo].[MarcaModeloVehiculo] ([IdMarca], [IdModelo]) VALUES (67, 837)
INSERT [dbo].[MarcaModeloVehiculo] ([IdMarca], [IdModelo]) VALUES (68, 838)
INSERT [dbo].[MarcaModeloVehiculo] ([IdMarca], [IdModelo]) VALUES (68, 839)
INSERT [dbo].[MarcaModeloVehiculo] ([IdMarca], [IdModelo]) VALUES (68, 840)
INSERT [dbo].[MarcaModeloVehiculo] ([IdMarca], [IdModelo]) VALUES (68, 841)
INSERT [dbo].[MarcaModeloVehiculo] ([IdMarca], [IdModelo]) VALUES (68, 842)
INSERT [dbo].[MarcaModeloVehiculo] ([IdMarca], [IdModelo]) VALUES (68, 843)
INSERT [dbo].[MarcaModeloVehiculo] ([IdMarca], [IdModelo]) VALUES (68, 844)
INSERT [dbo].[MarcaModeloVehiculo] ([IdMarca], [IdModelo]) VALUES (69, 845)
INSERT [dbo].[MarcaModeloVehiculo] ([IdMarca], [IdModelo]) VALUES (69, 846)
INSERT [dbo].[MarcaModeloVehiculo] ([IdMarca], [IdModelo]) VALUES (69, 847)
INSERT [dbo].[MarcaModeloVehiculo] ([IdMarca], [IdModelo]) VALUES (69, 848)
INSERT [dbo].[MarcaModeloVehiculo] ([IdMarca], [IdModelo]) VALUES (69, 849)
INSERT [dbo].[MarcaModeloVehiculo] ([IdMarca], [IdModelo]) VALUES (69, 850)
INSERT [dbo].[MarcaModeloVehiculo] ([IdMarca], [IdModelo]) VALUES (69, 851)
INSERT [dbo].[MarcaModeloVehiculo] ([IdMarca], [IdModelo]) VALUES (69, 852)
INSERT [dbo].[MarcaModeloVehiculo] ([IdMarca], [IdModelo]) VALUES (69, 853)
INSERT [dbo].[MarcaModeloVehiculo] ([IdMarca], [IdModelo]) VALUES (69, 854)
INSERT [dbo].[MarcaModeloVehiculo] ([IdMarca], [IdModelo]) VALUES (69, 855)
INSERT [dbo].[MarcaModeloVehiculo] ([IdMarca], [IdModelo]) VALUES (69, 856)
INSERT [dbo].[MarcaModeloVehiculo] ([IdMarca], [IdModelo]) VALUES (69, 857)
INSERT [dbo].[MarcaModeloVehiculo] ([IdMarca], [IdModelo]) VALUES (70, 858)
INSERT [dbo].[MarcaModeloVehiculo] ([IdMarca], [IdModelo]) VALUES (70, 859)
INSERT [dbo].[MarcaModeloVehiculo] ([IdMarca], [IdModelo]) VALUES (70, 860)
INSERT [dbo].[MarcaModeloVehiculo] ([IdMarca], [IdModelo]) VALUES (70, 861)
INSERT [dbo].[MarcaModeloVehiculo] ([IdMarca], [IdModelo]) VALUES (70, 862)
INSERT [dbo].[MarcaModeloVehiculo] ([IdMarca], [IdModelo]) VALUES (70, 863)
INSERT [dbo].[MarcaModeloVehiculo] ([IdMarca], [IdModelo]) VALUES (70, 864)
INSERT [dbo].[MarcaModeloVehiculo] ([IdMarca], [IdModelo]) VALUES (70, 865)
INSERT [dbo].[MarcaModeloVehiculo] ([IdMarca], [IdModelo]) VALUES (70, 866)
INSERT [dbo].[MarcaModeloVehiculo] ([IdMarca], [IdModelo]) VALUES (70, 867)
INSERT [dbo].[MarcaModeloVehiculo] ([IdMarca], [IdModelo]) VALUES (70, 868)
INSERT [dbo].[MarcaModeloVehiculo] ([IdMarca], [IdModelo]) VALUES (70, 869)
INSERT [dbo].[MarcaModeloVehiculo] ([IdMarca], [IdModelo]) VALUES (70, 870)
INSERT [dbo].[MarcaModeloVehiculo] ([IdMarca], [IdModelo]) VALUES (70, 871)
INSERT [dbo].[MarcaModeloVehiculo] ([IdMarca], [IdModelo]) VALUES (70, 872)
INSERT [dbo].[MarcaModeloVehiculo] ([IdMarca], [IdModelo]) VALUES (71, 873)
INSERT [dbo].[MarcaModeloVehiculo] ([IdMarca], [IdModelo]) VALUES (71, 874)
INSERT [dbo].[MarcaModeloVehiculo] ([IdMarca], [IdModelo]) VALUES (71, 875)
INSERT [dbo].[MarcaModeloVehiculo] ([IdMarca], [IdModelo]) VALUES (71, 876)
INSERT [dbo].[MarcaModeloVehiculo] ([IdMarca], [IdModelo]) VALUES (71, 877)
INSERT [dbo].[MarcaModeloVehiculo] ([IdMarca], [IdModelo]) VALUES (71, 878)
INSERT [dbo].[MarcaModeloVehiculo] ([IdMarca], [IdModelo]) VALUES (71, 879)
INSERT [dbo].[MarcaModeloVehiculo] ([IdMarca], [IdModelo]) VALUES (71, 880)
INSERT [dbo].[MarcaModeloVehiculo] ([IdMarca], [IdModelo]) VALUES (71, 881)
INSERT [dbo].[MarcaModeloVehiculo] ([IdMarca], [IdModelo]) VALUES (71, 882)
INSERT [dbo].[MarcaModeloVehiculo] ([IdMarca], [IdModelo]) VALUES (71, 883)
INSERT [dbo].[MarcaModeloVehiculo] ([IdMarca], [IdModelo]) VALUES (71, 884)
INSERT [dbo].[MarcaModeloVehiculo] ([IdMarca], [IdModelo]) VALUES (71, 885)
INSERT [dbo].[MarcaModeloVehiculo] ([IdMarca], [IdModelo]) VALUES (71, 886)
INSERT [dbo].[MarcaModeloVehiculo] ([IdMarca], [IdModelo]) VALUES (71, 887)
INSERT [dbo].[MarcaModeloVehiculo] ([IdMarca], [IdModelo]) VALUES (72, 888)
INSERT [dbo].[MarcaModeloVehiculo] ([IdMarca], [IdModelo]) VALUES (72, 889)
INSERT [dbo].[MarcaModeloVehiculo] ([IdMarca], [IdModelo]) VALUES (72, 890)
INSERT [dbo].[MarcaModeloVehiculo] ([IdMarca], [IdModelo]) VALUES (72, 891)
INSERT [dbo].[MarcaModeloVehiculo] ([IdMarca], [IdModelo]) VALUES (73, 892)
INSERT [dbo].[MarcaModeloVehiculo] ([IdMarca], [IdModelo]) VALUES (73, 893)
INSERT [dbo].[MarcaModeloVehiculo] ([IdMarca], [IdModelo]) VALUES (73, 894)
INSERT [dbo].[MarcaModeloVehiculo] ([IdMarca], [IdModelo]) VALUES (73, 895)
INSERT [dbo].[MarcaModeloVehiculo] ([IdMarca], [IdModelo]) VALUES (73, 896)
INSERT [dbo].[MarcaModeloVehiculo] ([IdMarca], [IdModelo]) VALUES (73, 897)
GO
INSERT [dbo].[MarcaModeloVehiculo] ([IdMarca], [IdModelo]) VALUES (73, 898)
INSERT [dbo].[MarcaModeloVehiculo] ([IdMarca], [IdModelo]) VALUES (73, 899)
INSERT [dbo].[MarcaModeloVehiculo] ([IdMarca], [IdModelo]) VALUES (73, 900)
INSERT [dbo].[MarcaModeloVehiculo] ([IdMarca], [IdModelo]) VALUES (73, 901)
INSERT [dbo].[MarcaModeloVehiculo] ([IdMarca], [IdModelo]) VALUES (73, 902)
INSERT [dbo].[MarcaModeloVehiculo] ([IdMarca], [IdModelo]) VALUES (73, 903)
INSERT [dbo].[MarcaModeloVehiculo] ([IdMarca], [IdModelo]) VALUES (74, 904)
INSERT [dbo].[MarcaModeloVehiculo] ([IdMarca], [IdModelo]) VALUES (74, 905)
INSERT [dbo].[MarcaModeloVehiculo] ([IdMarca], [IdModelo]) VALUES (74, 906)
INSERT [dbo].[MarcaModeloVehiculo] ([IdMarca], [IdModelo]) VALUES (74, 907)
INSERT [dbo].[MarcaModeloVehiculo] ([IdMarca], [IdModelo]) VALUES (74, 908)
INSERT [dbo].[MarcaModeloVehiculo] ([IdMarca], [IdModelo]) VALUES (74, 909)
INSERT [dbo].[MarcaModeloVehiculo] ([IdMarca], [IdModelo]) VALUES (74, 910)
INSERT [dbo].[MarcaModeloVehiculo] ([IdMarca], [IdModelo]) VALUES (74, 911)
INSERT [dbo].[MarcaModeloVehiculo] ([IdMarca], [IdModelo]) VALUES (74, 912)
INSERT [dbo].[MarcaModeloVehiculo] ([IdMarca], [IdModelo]) VALUES (74, 913)
INSERT [dbo].[MarcaModeloVehiculo] ([IdMarca], [IdModelo]) VALUES (74, 914)
INSERT [dbo].[MarcaModeloVehiculo] ([IdMarca], [IdModelo]) VALUES (74, 915)
INSERT [dbo].[MarcaModeloVehiculo] ([IdMarca], [IdModelo]) VALUES (74, 916)
INSERT [dbo].[MarcaModeloVehiculo] ([IdMarca], [IdModelo]) VALUES (74, 917)
INSERT [dbo].[MarcaModeloVehiculo] ([IdMarca], [IdModelo]) VALUES (74, 918)
INSERT [dbo].[MarcaModeloVehiculo] ([IdMarca], [IdModelo]) VALUES (74, 919)
INSERT [dbo].[MarcaModeloVehiculo] ([IdMarca], [IdModelo]) VALUES (74, 920)
INSERT [dbo].[MarcaModeloVehiculo] ([IdMarca], [IdModelo]) VALUES (74, 921)
INSERT [dbo].[MarcaModeloVehiculo] ([IdMarca], [IdModelo]) VALUES (74, 922)
INSERT [dbo].[MarcaModeloVehiculo] ([IdMarca], [IdModelo]) VALUES (74, 923)
INSERT [dbo].[MarcaModeloVehiculo] ([IdMarca], [IdModelo]) VALUES (74, 924)
INSERT [dbo].[MarcaModeloVehiculo] ([IdMarca], [IdModelo]) VALUES (74, 925)
INSERT [dbo].[MarcaModeloVehiculo] ([IdMarca], [IdModelo]) VALUES (74, 926)
INSERT [dbo].[MarcaModeloVehiculo] ([IdMarca], [IdModelo]) VALUES (74, 927)
INSERT [dbo].[MarcaModeloVehiculo] ([IdMarca], [IdModelo]) VALUES (74, 928)
INSERT [dbo].[MarcaModeloVehiculo] ([IdMarca], [IdModelo]) VALUES (74, 929)
INSERT [dbo].[MarcaModeloVehiculo] ([IdMarca], [IdModelo]) VALUES (74, 930)
INSERT [dbo].[MarcaModeloVehiculo] ([IdMarca], [IdModelo]) VALUES (74, 931)
INSERT [dbo].[MarcaModeloVehiculo] ([IdMarca], [IdModelo]) VALUES (74, 932)
INSERT [dbo].[MarcaModeloVehiculo] ([IdMarca], [IdModelo]) VALUES (74, 933)
INSERT [dbo].[MarcaModeloVehiculo] ([IdMarca], [IdModelo]) VALUES (74, 934)
INSERT [dbo].[MarcaModeloVehiculo] ([IdMarca], [IdModelo]) VALUES (75, 935)
INSERT [dbo].[MarcaModeloVehiculo] ([IdMarca], [IdModelo]) VALUES (75, 936)
INSERT [dbo].[MarcaModeloVehiculo] ([IdMarca], [IdModelo]) VALUES (76, 937)
INSERT [dbo].[MarcaModeloVehiculo] ([IdMarca], [IdModelo]) VALUES (76, 938)
INSERT [dbo].[MarcaModeloVehiculo] ([IdMarca], [IdModelo]) VALUES (76, 939)
INSERT [dbo].[MarcaModeloVehiculo] ([IdMarca], [IdModelo]) VALUES (76, 940)
INSERT [dbo].[MarcaModeloVehiculo] ([IdMarca], [IdModelo]) VALUES (76, 941)
INSERT [dbo].[MarcaModeloVehiculo] ([IdMarca], [IdModelo]) VALUES (77, 942)
INSERT [dbo].[MarcaModeloVehiculo] ([IdMarca], [IdModelo]) VALUES (77, 943)
INSERT [dbo].[MarcaModeloVehiculo] ([IdMarca], [IdModelo]) VALUES (77, 944)
INSERT [dbo].[MarcaModeloVehiculo] ([IdMarca], [IdModelo]) VALUES (77, 945)
INSERT [dbo].[MarcaModeloVehiculo] ([IdMarca], [IdModelo]) VALUES (77, 946)
INSERT [dbo].[MarcaModeloVehiculo] ([IdMarca], [IdModelo]) VALUES (77, 947)
INSERT [dbo].[MarcaModeloVehiculo] ([IdMarca], [IdModelo]) VALUES (77, 948)
INSERT [dbo].[MarcaModeloVehiculo] ([IdMarca], [IdModelo]) VALUES (77, 949)
INSERT [dbo].[MarcaModeloVehiculo] ([IdMarca], [IdModelo]) VALUES (77, 950)
INSERT [dbo].[MarcaModeloVehiculo] ([IdMarca], [IdModelo]) VALUES (77, 951)
INSERT [dbo].[MarcaModeloVehiculo] ([IdMarca], [IdModelo]) VALUES (77, 952)
INSERT [dbo].[MarcaModeloVehiculo] ([IdMarca], [IdModelo]) VALUES (77, 953)
INSERT [dbo].[MarcaModeloVehiculo] ([IdMarca], [IdModelo]) VALUES (77, 954)
INSERT [dbo].[MarcaModeloVehiculo] ([IdMarca], [IdModelo]) VALUES (77, 955)
INSERT [dbo].[MarcaModeloVehiculo] ([IdMarca], [IdModelo]) VALUES (77, 956)
INSERT [dbo].[MarcaModeloVehiculo] ([IdMarca], [IdModelo]) VALUES (77, 957)
INSERT [dbo].[MarcaModeloVehiculo] ([IdMarca], [IdModelo]) VALUES (77, 958)
INSERT [dbo].[MarcaModeloVehiculo] ([IdMarca], [IdModelo]) VALUES (77, 959)
INSERT [dbo].[MarcaModeloVehiculo] ([IdMarca], [IdModelo]) VALUES (77, 960)
INSERT [dbo].[MarcaModeloVehiculo] ([IdMarca], [IdModelo]) VALUES (77, 961)
INSERT [dbo].[MarcaModeloVehiculo] ([IdMarca], [IdModelo]) VALUES (77, 962)
INSERT [dbo].[MarcaModeloVehiculo] ([IdMarca], [IdModelo]) VALUES (77, 963)
INSERT [dbo].[MarcaModeloVehiculo] ([IdMarca], [IdModelo]) VALUES (77, 964)
INSERT [dbo].[MarcaModeloVehiculo] ([IdMarca], [IdModelo]) VALUES (77, 965)
INSERT [dbo].[MarcaModeloVehiculo] ([IdMarca], [IdModelo]) VALUES (77, 966)
INSERT [dbo].[MarcaModeloVehiculo] ([IdMarca], [IdModelo]) VALUES (77, 967)
INSERT [dbo].[MarcaModeloVehiculo] ([IdMarca], [IdModelo]) VALUES (77, 968)
INSERT [dbo].[MarcaModeloVehiculo] ([IdMarca], [IdModelo]) VALUES (77, 969)
INSERT [dbo].[MarcaModeloVehiculo] ([IdMarca], [IdModelo]) VALUES (77, 970)
INSERT [dbo].[MarcaModeloVehiculo] ([IdMarca], [IdModelo]) VALUES (77, 971)
INSERT [dbo].[MarcaModeloVehiculo] ([IdMarca], [IdModelo]) VALUES (77, 972)
INSERT [dbo].[MarcaModeloVehiculo] ([IdMarca], [IdModelo]) VALUES (77, 973)
INSERT [dbo].[MarcaModeloVehiculo] ([IdMarca], [IdModelo]) VALUES (78, 974)
INSERT [dbo].[MarcaModeloVehiculo] ([IdMarca], [IdModelo]) VALUES (78, 975)
INSERT [dbo].[MarcaModeloVehiculo] ([IdMarca], [IdModelo]) VALUES (78, 976)
INSERT [dbo].[MarcaModeloVehiculo] ([IdMarca], [IdModelo]) VALUES (78, 977)
INSERT [dbo].[MarcaModeloVehiculo] ([IdMarca], [IdModelo]) VALUES (78, 978)
INSERT [dbo].[MarcaModeloVehiculo] ([IdMarca], [IdModelo]) VALUES (78, 979)
INSERT [dbo].[MarcaModeloVehiculo] ([IdMarca], [IdModelo]) VALUES (78, 980)
INSERT [dbo].[MarcaModeloVehiculo] ([IdMarca], [IdModelo]) VALUES (78, 981)
INSERT [dbo].[MarcaModeloVehiculo] ([IdMarca], [IdModelo]) VALUES (78, 982)
INSERT [dbo].[MarcaModeloVehiculo] ([IdMarca], [IdModelo]) VALUES (78, 983)
INSERT [dbo].[MarcaModeloVehiculo] ([IdMarca], [IdModelo]) VALUES (78, 984)
INSERT [dbo].[MarcaModeloVehiculo] ([IdMarca], [IdModelo]) VALUES (78, 985)
INSERT [dbo].[MarcaModeloVehiculo] ([IdMarca], [IdModelo]) VALUES (78, 986)
INSERT [dbo].[MarcaModeloVehiculo] ([IdMarca], [IdModelo]) VALUES (78, 987)
INSERT [dbo].[MarcaModeloVehiculo] ([IdMarca], [IdModelo]) VALUES (78, 988)
INSERT [dbo].[MarcaModeloVehiculo] ([IdMarca], [IdModelo]) VALUES (78, 989)
INSERT [dbo].[MarcaModeloVehiculo] ([IdMarca], [IdModelo]) VALUES (78, 990)
INSERT [dbo].[MarcaModeloVehiculo] ([IdMarca], [IdModelo]) VALUES (78, 991)
INSERT [dbo].[MarcaModeloVehiculo] ([IdMarca], [IdModelo]) VALUES (78, 992)
INSERT [dbo].[MarcaModeloVehiculo] ([IdMarca], [IdModelo]) VALUES (78, 993)
INSERT [dbo].[MarcaModeloVehiculo] ([IdMarca], [IdModelo]) VALUES (78, 994)
INSERT [dbo].[MarcaModeloVehiculo] ([IdMarca], [IdModelo]) VALUES (78, 995)
INSERT [dbo].[MarcaModeloVehiculo] ([IdMarca], [IdModelo]) VALUES (78, 996)
INSERT [dbo].[MarcaModeloVehiculo] ([IdMarca], [IdModelo]) VALUES (78, 997)
GO
INSERT [dbo].[MarcaModeloVehiculo] ([IdMarca], [IdModelo]) VALUES (78, 998)
INSERT [dbo].[MarcaModeloVehiculo] ([IdMarca], [IdModelo]) VALUES (78, 999)
INSERT [dbo].[MarcaModeloVehiculo] ([IdMarca], [IdModelo]) VALUES (78, 1000)
INSERT [dbo].[MarcaModeloVehiculo] ([IdMarca], [IdModelo]) VALUES (78, 1001)
INSERT [dbo].[MarcaModeloVehiculo] ([IdMarca], [IdModelo]) VALUES (78, 1002)
INSERT [dbo].[MarcaModeloVehiculo] ([IdMarca], [IdModelo]) VALUES (78, 1003)
INSERT [dbo].[MarcaModeloVehiculo] ([IdMarca], [IdModelo]) VALUES (78, 1004)
INSERT [dbo].[MarcaModeloVehiculo] ([IdMarca], [IdModelo]) VALUES (79, 1005)
INSERT [dbo].[MarcaVehiculo] ([IdMarca], [Descripcion]) VALUES (1, N'Abarth')
INSERT [dbo].[MarcaVehiculo] ([IdMarca], [Descripcion]) VALUES (2, N'Alfa Romeo')
INSERT [dbo].[MarcaVehiculo] ([IdMarca], [Descripcion]) VALUES (3, N'Aro')
INSERT [dbo].[MarcaVehiculo] ([IdMarca], [Descripcion]) VALUES (4, N'Asia')
INSERT [dbo].[MarcaVehiculo] ([IdMarca], [Descripcion]) VALUES (5, N'Asia Motors')
INSERT [dbo].[MarcaVehiculo] ([IdMarca], [Descripcion]) VALUES (6, N'Aston Martin')
INSERT [dbo].[MarcaVehiculo] ([IdMarca], [Descripcion]) VALUES (7, N'Audi')
INSERT [dbo].[MarcaVehiculo] ([IdMarca], [Descripcion]) VALUES (8, N'Austin')
INSERT [dbo].[MarcaVehiculo] ([IdMarca], [Descripcion]) VALUES (9, N'Auverland')
INSERT [dbo].[MarcaVehiculo] ([IdMarca], [Descripcion]) VALUES (10, N'Bentley')
INSERT [dbo].[MarcaVehiculo] ([IdMarca], [Descripcion]) VALUES (11, N'Bertone')
INSERT [dbo].[MarcaVehiculo] ([IdMarca], [Descripcion]) VALUES (12, N'Bmw')
INSERT [dbo].[MarcaVehiculo] ([IdMarca], [Descripcion]) VALUES (13, N'Cadillac')
INSERT [dbo].[MarcaVehiculo] ([IdMarca], [Descripcion]) VALUES (14, N'Chevrolet')
INSERT [dbo].[MarcaVehiculo] ([IdMarca], [Descripcion]) VALUES (15, N'Chrysler')
INSERT [dbo].[MarcaVehiculo] ([IdMarca], [Descripcion]) VALUES (16, N'Citroen')
INSERT [dbo].[MarcaVehiculo] ([IdMarca], [Descripcion]) VALUES (17, N'Corvette')
INSERT [dbo].[MarcaVehiculo] ([IdMarca], [Descripcion]) VALUES (18, N'Dacia')
INSERT [dbo].[MarcaVehiculo] ([IdMarca], [Descripcion]) VALUES (19, N'Daewoo')
INSERT [dbo].[MarcaVehiculo] ([IdMarca], [Descripcion]) VALUES (20, N'Daf')
INSERT [dbo].[MarcaVehiculo] ([IdMarca], [Descripcion]) VALUES (21, N'Daihatsu')
INSERT [dbo].[MarcaVehiculo] ([IdMarca], [Descripcion]) VALUES (22, N'Daimler')
INSERT [dbo].[MarcaVehiculo] ([IdMarca], [Descripcion]) VALUES (23, N'Dodge')
INSERT [dbo].[MarcaVehiculo] ([IdMarca], [Descripcion]) VALUES (24, N'Ferrari')
INSERT [dbo].[MarcaVehiculo] ([IdMarca], [Descripcion]) VALUES (25, N'Fiat')
INSERT [dbo].[MarcaVehiculo] ([IdMarca], [Descripcion]) VALUES (26, N'Ford')
INSERT [dbo].[MarcaVehiculo] ([IdMarca], [Descripcion]) VALUES (27, N'Galloper')
INSERT [dbo].[MarcaVehiculo] ([IdMarca], [Descripcion]) VALUES (28, N'Gmc')
INSERT [dbo].[MarcaVehiculo] ([IdMarca], [Descripcion]) VALUES (29, N'Honda')
INSERT [dbo].[MarcaVehiculo] ([IdMarca], [Descripcion]) VALUES (30, N'Hummer')
INSERT [dbo].[MarcaVehiculo] ([IdMarca], [Descripcion]) VALUES (31, N'Hyundai')
INSERT [dbo].[MarcaVehiculo] ([IdMarca], [Descripcion]) VALUES (32, N'Infiniti')
INSERT [dbo].[MarcaVehiculo] ([IdMarca], [Descripcion]) VALUES (33, N'Innocenti')
INSERT [dbo].[MarcaVehiculo] ([IdMarca], [Descripcion]) VALUES (34, N'Isuzu')
INSERT [dbo].[MarcaVehiculo] ([IdMarca], [Descripcion]) VALUES (35, N'Iveco')
INSERT [dbo].[MarcaVehiculo] ([IdMarca], [Descripcion]) VALUES (36, N'Iveco-pegaso')
INSERT [dbo].[MarcaVehiculo] ([IdMarca], [Descripcion]) VALUES (37, N'Jaguar')
INSERT [dbo].[MarcaVehiculo] ([IdMarca], [Descripcion]) VALUES (38, N'Jeep')
INSERT [dbo].[MarcaVehiculo] ([IdMarca], [Descripcion]) VALUES (39, N'Kia')
INSERT [dbo].[MarcaVehiculo] ([IdMarca], [Descripcion]) VALUES (40, N'Lada')
INSERT [dbo].[MarcaVehiculo] ([IdMarca], [Descripcion]) VALUES (41, N'Lamborghini')
INSERT [dbo].[MarcaVehiculo] ([IdMarca], [Descripcion]) VALUES (42, N'Lancia')
INSERT [dbo].[MarcaVehiculo] ([IdMarca], [Descripcion]) VALUES (43, N'Land-rover')
INSERT [dbo].[MarcaVehiculo] ([IdMarca], [Descripcion]) VALUES (44, N'Ldv')
INSERT [dbo].[MarcaVehiculo] ([IdMarca], [Descripcion]) VALUES (45, N'Lexus')
INSERT [dbo].[MarcaVehiculo] ([IdMarca], [Descripcion]) VALUES (46, N'Lotus')
INSERT [dbo].[MarcaVehiculo] ([IdMarca], [Descripcion]) VALUES (47, N'Mahindra')
INSERT [dbo].[MarcaVehiculo] ([IdMarca], [Descripcion]) VALUES (48, N'Maserati')
INSERT [dbo].[MarcaVehiculo] ([IdMarca], [Descripcion]) VALUES (49, N'Maybach')
INSERT [dbo].[MarcaVehiculo] ([IdMarca], [Descripcion]) VALUES (50, N'Mazda')
INSERT [dbo].[MarcaVehiculo] ([IdMarca], [Descripcion]) VALUES (51, N'Mercedes-benz')
INSERT [dbo].[MarcaVehiculo] ([IdMarca], [Descripcion]) VALUES (52, N'Mg')
INSERT [dbo].[MarcaVehiculo] ([IdMarca], [Descripcion]) VALUES (53, N'Mini')
INSERT [dbo].[MarcaVehiculo] ([IdMarca], [Descripcion]) VALUES (54, N'Mitsubishi')
INSERT [dbo].[MarcaVehiculo] ([IdMarca], [Descripcion]) VALUES (55, N'Morgan')
INSERT [dbo].[MarcaVehiculo] ([IdMarca], [Descripcion]) VALUES (56, N'Nissan')
INSERT [dbo].[MarcaVehiculo] ([IdMarca], [Descripcion]) VALUES (57, N'Opel')
INSERT [dbo].[MarcaVehiculo] ([IdMarca], [Descripcion]) VALUES (58, N'Peugeot')
INSERT [dbo].[MarcaVehiculo] ([IdMarca], [Descripcion]) VALUES (59, N'Pontiac')
INSERT [dbo].[MarcaVehiculo] ([IdMarca], [Descripcion]) VALUES (60, N'Porsche')
INSERT [dbo].[MarcaVehiculo] ([IdMarca], [Descripcion]) VALUES (61, N'Renault')
INSERT [dbo].[MarcaVehiculo] ([IdMarca], [Descripcion]) VALUES (62, N'Rolls-royce')
INSERT [dbo].[MarcaVehiculo] ([IdMarca], [Descripcion]) VALUES (63, N'Rover')
INSERT [dbo].[MarcaVehiculo] ([IdMarca], [Descripcion]) VALUES (64, N'Saab')
INSERT [dbo].[MarcaVehiculo] ([IdMarca], [Descripcion]) VALUES (65, N'Santana')
INSERT [dbo].[MarcaVehiculo] ([IdMarca], [Descripcion]) VALUES (66, N'Seat')
INSERT [dbo].[MarcaVehiculo] ([IdMarca], [Descripcion]) VALUES (67, N'Skoda')
INSERT [dbo].[MarcaVehiculo] ([IdMarca], [Descripcion]) VALUES (68, N'Smart')
INSERT [dbo].[MarcaVehiculo] ([IdMarca], [Descripcion]) VALUES (69, N'Ssangyong')
INSERT [dbo].[MarcaVehiculo] ([IdMarca], [Descripcion]) VALUES (70, N'Subaru')
INSERT [dbo].[MarcaVehiculo] ([IdMarca], [Descripcion]) VALUES (71, N'Suzuki')
INSERT [dbo].[MarcaVehiculo] ([IdMarca], [Descripcion]) VALUES (72, N'Talbot')
INSERT [dbo].[MarcaVehiculo] ([IdMarca], [Descripcion]) VALUES (73, N'Tata')
INSERT [dbo].[MarcaVehiculo] ([IdMarca], [Descripcion]) VALUES (74, N'Toyota')
INSERT [dbo].[MarcaVehiculo] ([IdMarca], [Descripcion]) VALUES (75, N'Umm')
INSERT [dbo].[MarcaVehiculo] ([IdMarca], [Descripcion]) VALUES (76, N'Vaz')
INSERT [dbo].[MarcaVehiculo] ([IdMarca], [Descripcion]) VALUES (77, N'Volkswagen')
INSERT [dbo].[MarcaVehiculo] ([IdMarca], [Descripcion]) VALUES (78, N'Volvo')
INSERT [dbo].[MarcaVehiculo] ([IdMarca], [Descripcion]) VALUES (79, N'Wartburg')
INSERT [dbo].[ModeloVehiculo] ([IdModelo], [Descripcion]) VALUES (1, N'500')
INSERT [dbo].[ModeloVehiculo] ([IdModelo], [Descripcion]) VALUES (2, N'Grande Punto')
INSERT [dbo].[ModeloVehiculo] ([IdModelo], [Descripcion]) VALUES (3, N'Punto Evo')
INSERT [dbo].[ModeloVehiculo] ([IdModelo], [Descripcion]) VALUES (4, N'500c')
INSERT [dbo].[ModeloVehiculo] ([IdModelo], [Descripcion]) VALUES (5, N'695')
INSERT [dbo].[ModeloVehiculo] ([IdModelo], [Descripcion]) VALUES (6, N'Punto')
INSERT [dbo].[ModeloVehiculo] ([IdModelo], [Descripcion]) VALUES (7, N'155')
INSERT [dbo].[ModeloVehiculo] ([IdModelo], [Descripcion]) VALUES (8, N'156')
INSERT [dbo].[ModeloVehiculo] ([IdModelo], [Descripcion]) VALUES (9, N'159')
INSERT [dbo].[ModeloVehiculo] ([IdModelo], [Descripcion]) VALUES (10, N'164')
INSERT [dbo].[ModeloVehiculo] ([IdModelo], [Descripcion]) VALUES (11, N'145')
INSERT [dbo].[ModeloVehiculo] ([IdModelo], [Descripcion]) VALUES (12, N'147')
INSERT [dbo].[ModeloVehiculo] ([IdModelo], [Descripcion]) VALUES (13, N'146')
INSERT [dbo].[ModeloVehiculo] ([IdModelo], [Descripcion]) VALUES (14, N'Gtv')
INSERT [dbo].[ModeloVehiculo] ([IdModelo], [Descripcion]) VALUES (15, N'Spider')
INSERT [dbo].[ModeloVehiculo] ([IdModelo], [Descripcion]) VALUES (16, N'166')
INSERT [dbo].[ModeloVehiculo] ([IdModelo], [Descripcion]) VALUES (17, N'Gt')
INSERT [dbo].[ModeloVehiculo] ([IdModelo], [Descripcion]) VALUES (18, N'Crosswagon')
INSERT [dbo].[ModeloVehiculo] ([IdModelo], [Descripcion]) VALUES (19, N'Brera')
INSERT [dbo].[ModeloVehiculo] ([IdModelo], [Descripcion]) VALUES (20, N'90')
INSERT [dbo].[ModeloVehiculo] ([IdModelo], [Descripcion]) VALUES (21, N'75')
INSERT [dbo].[ModeloVehiculo] ([IdModelo], [Descripcion]) VALUES (22, N'33')
INSERT [dbo].[ModeloVehiculo] ([IdModelo], [Descripcion]) VALUES (23, N'Giulietta')
INSERT [dbo].[ModeloVehiculo] ([IdModelo], [Descripcion]) VALUES (24, N'Sprint')
INSERT [dbo].[ModeloVehiculo] ([IdModelo], [Descripcion]) VALUES (25, N'Mito')
INSERT [dbo].[ModeloVehiculo] ([IdModelo], [Descripcion]) VALUES (26, N'Expander')
INSERT [dbo].[ModeloVehiculo] ([IdModelo], [Descripcion]) VALUES (27, N'10')
INSERT [dbo].[ModeloVehiculo] ([IdModelo], [Descripcion]) VALUES (28, N'24')
INSERT [dbo].[ModeloVehiculo] ([IdModelo], [Descripcion]) VALUES (29, N'Dacia')
INSERT [dbo].[ModeloVehiculo] ([IdModelo], [Descripcion]) VALUES (30, N'Rocsta')
INSERT [dbo].[ModeloVehiculo] ([IdModelo], [Descripcion]) VALUES (31, N'Rocsta')
INSERT [dbo].[ModeloVehiculo] ([IdModelo], [Descripcion]) VALUES (32, N'Db7')
INSERT [dbo].[ModeloVehiculo] ([IdModelo], [Descripcion]) VALUES (33, N'V8')
INSERT [dbo].[ModeloVehiculo] ([IdModelo], [Descripcion]) VALUES (34, N'Db9')
INSERT [dbo].[ModeloVehiculo] ([IdModelo], [Descripcion]) VALUES (35, N'Vanquish')
INSERT [dbo].[ModeloVehiculo] ([IdModelo], [Descripcion]) VALUES (36, N'V8 Vantage')
INSERT [dbo].[ModeloVehiculo] ([IdModelo], [Descripcion]) VALUES (37, N'Vantage')
INSERT [dbo].[ModeloVehiculo] ([IdModelo], [Descripcion]) VALUES (38, N'Dbs')
INSERT [dbo].[ModeloVehiculo] ([IdModelo], [Descripcion]) VALUES (39, N'Volante')
INSERT [dbo].[ModeloVehiculo] ([IdModelo], [Descripcion]) VALUES (40, N'Virage')
INSERT [dbo].[ModeloVehiculo] ([IdModelo], [Descripcion]) VALUES (41, N'Vantage V8')
INSERT [dbo].[ModeloVehiculo] ([IdModelo], [Descripcion]) VALUES (42, N'Vantage V12')
INSERT [dbo].[ModeloVehiculo] ([IdModelo], [Descripcion]) VALUES (43, N'Rapide')
INSERT [dbo].[ModeloVehiculo] ([IdModelo], [Descripcion]) VALUES (44, N'Cygnet')
INSERT [dbo].[ModeloVehiculo] ([IdModelo], [Descripcion]) VALUES (45, N'80')
INSERT [dbo].[ModeloVehiculo] ([IdModelo], [Descripcion]) VALUES (46, N'A4')
INSERT [dbo].[ModeloVehiculo] ([IdModelo], [Descripcion]) VALUES (47, N'A6')
INSERT [dbo].[ModeloVehiculo] ([IdModelo], [Descripcion]) VALUES (48, N'S6')
INSERT [dbo].[ModeloVehiculo] ([IdModelo], [Descripcion]) VALUES (49, N'Coupe')
INSERT [dbo].[ModeloVehiculo] ([IdModelo], [Descripcion]) VALUES (50, N'S2')
INSERT [dbo].[ModeloVehiculo] ([IdModelo], [Descripcion]) VALUES (51, N'Rs2')
INSERT [dbo].[ModeloVehiculo] ([IdModelo], [Descripcion]) VALUES (52, N'A8')
INSERT [dbo].[ModeloVehiculo] ([IdModelo], [Descripcion]) VALUES (53, N'Cabriolet')
INSERT [dbo].[ModeloVehiculo] ([IdModelo], [Descripcion]) VALUES (54, N'S8')
INSERT [dbo].[ModeloVehiculo] ([IdModelo], [Descripcion]) VALUES (55, N'A3')
INSERT [dbo].[ModeloVehiculo] ([IdModelo], [Descripcion]) VALUES (56, N'S4')
INSERT [dbo].[ModeloVehiculo] ([IdModelo], [Descripcion]) VALUES (57, N'Tt')
INSERT [dbo].[ModeloVehiculo] ([IdModelo], [Descripcion]) VALUES (58, N'S3')
INSERT [dbo].[ModeloVehiculo] ([IdModelo], [Descripcion]) VALUES (59, N'Allroad Quattro')
INSERT [dbo].[ModeloVehiculo] ([IdModelo], [Descripcion]) VALUES (60, N'Rs4')
INSERT [dbo].[ModeloVehiculo] ([IdModelo], [Descripcion]) VALUES (61, N'A2')
INSERT [dbo].[ModeloVehiculo] ([IdModelo], [Descripcion]) VALUES (62, N'Rs6')
INSERT [dbo].[ModeloVehiculo] ([IdModelo], [Descripcion]) VALUES (63, N'Q7')
INSERT [dbo].[ModeloVehiculo] ([IdModelo], [Descripcion]) VALUES (64, N'R8')
INSERT [dbo].[ModeloVehiculo] ([IdModelo], [Descripcion]) VALUES (65, N'A5')
INSERT [dbo].[ModeloVehiculo] ([IdModelo], [Descripcion]) VALUES (66, N'S5')
INSERT [dbo].[ModeloVehiculo] ([IdModelo], [Descripcion]) VALUES (67, N'V8')
INSERT [dbo].[ModeloVehiculo] ([IdModelo], [Descripcion]) VALUES (68, N'200')
INSERT [dbo].[ModeloVehiculo] ([IdModelo], [Descripcion]) VALUES (69, N'100')
INSERT [dbo].[ModeloVehiculo] ([IdModelo], [Descripcion]) VALUES (70, N'90')
INSERT [dbo].[ModeloVehiculo] ([IdModelo], [Descripcion]) VALUES (71, N'Tts')
INSERT [dbo].[ModeloVehiculo] ([IdModelo], [Descripcion]) VALUES (72, N'Q5')
INSERT [dbo].[ModeloVehiculo] ([IdModelo], [Descripcion]) VALUES (73, N'A4 Allroad Quattro')
INSERT [dbo].[ModeloVehiculo] ([IdModelo], [Descripcion]) VALUES (74, N'Tt Rs')
INSERT [dbo].[ModeloVehiculo] ([IdModelo], [Descripcion]) VALUES (75, N'Rs5')
INSERT [dbo].[ModeloVehiculo] ([IdModelo], [Descripcion]) VALUES (76, N'A1')
INSERT [dbo].[ModeloVehiculo] ([IdModelo], [Descripcion]) VALUES (77, N'A7')
INSERT [dbo].[ModeloVehiculo] ([IdModelo], [Descripcion]) VALUES (78, N'Rs3')
INSERT [dbo].[ModeloVehiculo] ([IdModelo], [Descripcion]) VALUES (79, N'Q3')
INSERT [dbo].[ModeloVehiculo] ([IdModelo], [Descripcion]) VALUES (80, N'A6 Allroad Quattro')
INSERT [dbo].[ModeloVehiculo] ([IdModelo], [Descripcion]) VALUES (81, N'S7')
INSERT [dbo].[ModeloVehiculo] ([IdModelo], [Descripcion]) VALUES (82, N'Sq5')
INSERT [dbo].[ModeloVehiculo] ([IdModelo], [Descripcion]) VALUES (83, N'Mini')
INSERT [dbo].[ModeloVehiculo] ([IdModelo], [Descripcion]) VALUES (84, N'Montego')
INSERT [dbo].[ModeloVehiculo] ([IdModelo], [Descripcion]) VALUES (85, N'Maestro')
INSERT [dbo].[ModeloVehiculo] ([IdModelo], [Descripcion]) VALUES (86, N'Metro')
INSERT [dbo].[ModeloVehiculo] ([IdModelo], [Descripcion]) VALUES (87, N'Mini Moke')
INSERT [dbo].[ModeloVehiculo] ([IdModelo], [Descripcion]) VALUES (88, N'Diesel')
INSERT [dbo].[ModeloVehiculo] ([IdModelo], [Descripcion]) VALUES (89, N'Brooklands')
INSERT [dbo].[ModeloVehiculo] ([IdModelo], [Descripcion]) VALUES (90, N'Turbo')
INSERT [dbo].[ModeloVehiculo] ([IdModelo], [Descripcion]) VALUES (91, N'Continental')
INSERT [dbo].[ModeloVehiculo] ([IdModelo], [Descripcion]) VALUES (92, N'Azure')
INSERT [dbo].[ModeloVehiculo] ([IdModelo], [Descripcion]) VALUES (93, N'Arnage')
INSERT [dbo].[ModeloVehiculo] ([IdModelo], [Descripcion]) VALUES (94, N'Continental Gt')
INSERT [dbo].[ModeloVehiculo] ([IdModelo], [Descripcion]) VALUES (95, N'Continental Flying Spur')
INSERT [dbo].[ModeloVehiculo] ([IdModelo], [Descripcion]) VALUES (96, N'Turbo R')
INSERT [dbo].[ModeloVehiculo] ([IdModelo], [Descripcion]) VALUES (97, N'Mulsanne')
INSERT [dbo].[ModeloVehiculo] ([IdModelo], [Descripcion]) VALUES (98, N'Eight')
INSERT [dbo].[ModeloVehiculo] ([IdModelo], [Descripcion]) VALUES (99, N'Continental Gtc')
INSERT [dbo].[ModeloVehiculo] ([IdModelo], [Descripcion]) VALUES (100, N'Continental Supersports')
GO
INSERT [dbo].[ModeloVehiculo] ([IdModelo], [Descripcion]) VALUES (101, N'Freeclimber Diesel')
INSERT [dbo].[ModeloVehiculo] ([IdModelo], [Descripcion]) VALUES (102, N'Serie 3')
INSERT [dbo].[ModeloVehiculo] ([IdModelo], [Descripcion]) VALUES (103, N'Serie 5')
INSERT [dbo].[ModeloVehiculo] ([IdModelo], [Descripcion]) VALUES (104, N'Compact')
INSERT [dbo].[ModeloVehiculo] ([IdModelo], [Descripcion]) VALUES (105, N'Serie 7')
INSERT [dbo].[ModeloVehiculo] ([IdModelo], [Descripcion]) VALUES (106, N'Serie 8')
INSERT [dbo].[ModeloVehiculo] ([IdModelo], [Descripcion]) VALUES (107, N'Z3')
INSERT [dbo].[ModeloVehiculo] ([IdModelo], [Descripcion]) VALUES (108, N'Z4')
INSERT [dbo].[ModeloVehiculo] ([IdModelo], [Descripcion]) VALUES (109, N'Z8')
INSERT [dbo].[ModeloVehiculo] ([IdModelo], [Descripcion]) VALUES (110, N'X5')
INSERT [dbo].[ModeloVehiculo] ([IdModelo], [Descripcion]) VALUES (111, N'Serie 6')
INSERT [dbo].[ModeloVehiculo] ([IdModelo], [Descripcion]) VALUES (112, N'X3')
INSERT [dbo].[ModeloVehiculo] ([IdModelo], [Descripcion]) VALUES (113, N'Serie 1')
INSERT [dbo].[ModeloVehiculo] ([IdModelo], [Descripcion]) VALUES (114, N'Z1')
INSERT [dbo].[ModeloVehiculo] ([IdModelo], [Descripcion]) VALUES (115, N'X6')
INSERT [dbo].[ModeloVehiculo] ([IdModelo], [Descripcion]) VALUES (116, N'X1')
INSERT [dbo].[ModeloVehiculo] ([IdModelo], [Descripcion]) VALUES (117, N'Seville')
INSERT [dbo].[ModeloVehiculo] ([IdModelo], [Descripcion]) VALUES (118, N'Sts')
INSERT [dbo].[ModeloVehiculo] ([IdModelo], [Descripcion]) VALUES (119, N'El Dorado')
INSERT [dbo].[ModeloVehiculo] ([IdModelo], [Descripcion]) VALUES (120, N'Cts')
INSERT [dbo].[ModeloVehiculo] ([IdModelo], [Descripcion]) VALUES (121, N'Xlr')
INSERT [dbo].[ModeloVehiculo] ([IdModelo], [Descripcion]) VALUES (122, N'Srx')
INSERT [dbo].[ModeloVehiculo] ([IdModelo], [Descripcion]) VALUES (123, N'Escalade')
INSERT [dbo].[ModeloVehiculo] ([IdModelo], [Descripcion]) VALUES (124, N'Bls')
INSERT [dbo].[ModeloVehiculo] ([IdModelo], [Descripcion]) VALUES (125, N'Corvette')
INSERT [dbo].[ModeloVehiculo] ([IdModelo], [Descripcion]) VALUES (126, N'Blazer')
INSERT [dbo].[ModeloVehiculo] ([IdModelo], [Descripcion]) VALUES (127, N'Astro')
INSERT [dbo].[ModeloVehiculo] ([IdModelo], [Descripcion]) VALUES (128, N'Nubira')
INSERT [dbo].[ModeloVehiculo] ([IdModelo], [Descripcion]) VALUES (129, N'Evanda')
INSERT [dbo].[ModeloVehiculo] ([IdModelo], [Descripcion]) VALUES (130, N'Trans Sport')
INSERT [dbo].[ModeloVehiculo] ([IdModelo], [Descripcion]) VALUES (131, N'Camaro')
INSERT [dbo].[ModeloVehiculo] ([IdModelo], [Descripcion]) VALUES (132, N'Matiz')
INSERT [dbo].[ModeloVehiculo] ([IdModelo], [Descripcion]) VALUES (133, N'Alero')
INSERT [dbo].[ModeloVehiculo] ([IdModelo], [Descripcion]) VALUES (134, N'Tahoe')
INSERT [dbo].[ModeloVehiculo] ([IdModelo], [Descripcion]) VALUES (135, N'Tacuma')
INSERT [dbo].[ModeloVehiculo] ([IdModelo], [Descripcion]) VALUES (136, N'Trailblazer')
INSERT [dbo].[ModeloVehiculo] ([IdModelo], [Descripcion]) VALUES (137, N'Kalos')
INSERT [dbo].[ModeloVehiculo] ([IdModelo], [Descripcion]) VALUES (138, N'Aveo')
INSERT [dbo].[ModeloVehiculo] ([IdModelo], [Descripcion]) VALUES (139, N'Lacetti')
INSERT [dbo].[ModeloVehiculo] ([IdModelo], [Descripcion]) VALUES (140, N'Epica')
INSERT [dbo].[ModeloVehiculo] ([IdModelo], [Descripcion]) VALUES (141, N'Captiva')
INSERT [dbo].[ModeloVehiculo] ([IdModelo], [Descripcion]) VALUES (142, N'Hhr')
INSERT [dbo].[ModeloVehiculo] ([IdModelo], [Descripcion]) VALUES (143, N'Cruze')
INSERT [dbo].[ModeloVehiculo] ([IdModelo], [Descripcion]) VALUES (144, N'Spark')
INSERT [dbo].[ModeloVehiculo] ([IdModelo], [Descripcion]) VALUES (145, N'Orlando')
INSERT [dbo].[ModeloVehiculo] ([IdModelo], [Descripcion]) VALUES (146, N'Volt')
INSERT [dbo].[ModeloVehiculo] ([IdModelo], [Descripcion]) VALUES (147, N'Malibu')
INSERT [dbo].[ModeloVehiculo] ([IdModelo], [Descripcion]) VALUES (148, N'Vision')
INSERT [dbo].[ModeloVehiculo] ([IdModelo], [Descripcion]) VALUES (149, N'300m')
INSERT [dbo].[ModeloVehiculo] ([IdModelo], [Descripcion]) VALUES (150, N'Grand Voyager')
INSERT [dbo].[ModeloVehiculo] ([IdModelo], [Descripcion]) VALUES (151, N'Viper')
INSERT [dbo].[ModeloVehiculo] ([IdModelo], [Descripcion]) VALUES (152, N'Neon')
INSERT [dbo].[ModeloVehiculo] ([IdModelo], [Descripcion]) VALUES (153, N'Voyager')
INSERT [dbo].[ModeloVehiculo] ([IdModelo], [Descripcion]) VALUES (154, N'Stratus')
INSERT [dbo].[ModeloVehiculo] ([IdModelo], [Descripcion]) VALUES (155, N'Sebring')
INSERT [dbo].[ModeloVehiculo] ([IdModelo], [Descripcion]) VALUES (156, N'Sebring 200c')
INSERT [dbo].[ModeloVehiculo] ([IdModelo], [Descripcion]) VALUES (157, N'New Yorker')
INSERT [dbo].[ModeloVehiculo] ([IdModelo], [Descripcion]) VALUES (158, N'Pt Cruiser')
INSERT [dbo].[ModeloVehiculo] ([IdModelo], [Descripcion]) VALUES (159, N'Crossfire')
INSERT [dbo].[ModeloVehiculo] ([IdModelo], [Descripcion]) VALUES (160, N'300c')
INSERT [dbo].[ModeloVehiculo] ([IdModelo], [Descripcion]) VALUES (161, N'Le Baron')
INSERT [dbo].[ModeloVehiculo] ([IdModelo], [Descripcion]) VALUES (162, N'Saratoga')
INSERT [dbo].[ModeloVehiculo] ([IdModelo], [Descripcion]) VALUES (163, N'Xantia')
INSERT [dbo].[ModeloVehiculo] ([IdModelo], [Descripcion]) VALUES (164, N'Xm')
INSERT [dbo].[ModeloVehiculo] ([IdModelo], [Descripcion]) VALUES (165, N'Ax')
INSERT [dbo].[ModeloVehiculo] ([IdModelo], [Descripcion]) VALUES (166, N'Zx')
INSERT [dbo].[ModeloVehiculo] ([IdModelo], [Descripcion]) VALUES (167, N'Evasion')
INSERT [dbo].[ModeloVehiculo] ([IdModelo], [Descripcion]) VALUES (168, N'C8')
INSERT [dbo].[ModeloVehiculo] ([IdModelo], [Descripcion]) VALUES (169, N'Saxo')
INSERT [dbo].[ModeloVehiculo] ([IdModelo], [Descripcion]) VALUES (170, N'C2')
INSERT [dbo].[ModeloVehiculo] ([IdModelo], [Descripcion]) VALUES (171, N'Xsara')
INSERT [dbo].[ModeloVehiculo] ([IdModelo], [Descripcion]) VALUES (172, N'C4')
INSERT [dbo].[ModeloVehiculo] ([IdModelo], [Descripcion]) VALUES (173, N'Xsara Picasso')
INSERT [dbo].[ModeloVehiculo] ([IdModelo], [Descripcion]) VALUES (174, N'C5')
INSERT [dbo].[ModeloVehiculo] ([IdModelo], [Descripcion]) VALUES (175, N'C3')
INSERT [dbo].[ModeloVehiculo] ([IdModelo], [Descripcion]) VALUES (176, N'C3 Pluriel')
INSERT [dbo].[ModeloVehiculo] ([IdModelo], [Descripcion]) VALUES (177, N'C1')
INSERT [dbo].[ModeloVehiculo] ([IdModelo], [Descripcion]) VALUES (178, N'C6')
INSERT [dbo].[ModeloVehiculo] ([IdModelo], [Descripcion]) VALUES (179, N'Grand C4 Picasso')
INSERT [dbo].[ModeloVehiculo] ([IdModelo], [Descripcion]) VALUES (180, N'C4 Picasso')
INSERT [dbo].[ModeloVehiculo] ([IdModelo], [Descripcion]) VALUES (181, N'Ccrosser')
INSERT [dbo].[ModeloVehiculo] ([IdModelo], [Descripcion]) VALUES (182, N'C15')
INSERT [dbo].[ModeloVehiculo] ([IdModelo], [Descripcion]) VALUES (183, N'Jumper')
INSERT [dbo].[ModeloVehiculo] ([IdModelo], [Descripcion]) VALUES (184, N'Jumpy')
INSERT [dbo].[ModeloVehiculo] ([IdModelo], [Descripcion]) VALUES (185, N'Berlingo')
INSERT [dbo].[ModeloVehiculo] ([IdModelo], [Descripcion]) VALUES (186, N'Bx')
INSERT [dbo].[ModeloVehiculo] ([IdModelo], [Descripcion]) VALUES (187, N'C25')
INSERT [dbo].[ModeloVehiculo] ([IdModelo], [Descripcion]) VALUES (188, N'Cx')
INSERT [dbo].[ModeloVehiculo] ([IdModelo], [Descripcion]) VALUES (189, N'Gsa')
INSERT [dbo].[ModeloVehiculo] ([IdModelo], [Descripcion]) VALUES (190, N'Visa')
INSERT [dbo].[ModeloVehiculo] ([IdModelo], [Descripcion]) VALUES (191, N'Lna')
INSERT [dbo].[ModeloVehiculo] ([IdModelo], [Descripcion]) VALUES (192, N'2cv')
INSERT [dbo].[ModeloVehiculo] ([IdModelo], [Descripcion]) VALUES (193, N'Nemo')
INSERT [dbo].[ModeloVehiculo] ([IdModelo], [Descripcion]) VALUES (194, N'C4 Sedan')
INSERT [dbo].[ModeloVehiculo] ([IdModelo], [Descripcion]) VALUES (195, N'Berlingo First')
INSERT [dbo].[ModeloVehiculo] ([IdModelo], [Descripcion]) VALUES (196, N'C3 Picasso')
INSERT [dbo].[ModeloVehiculo] ([IdModelo], [Descripcion]) VALUES (197, N'Ds3')
INSERT [dbo].[ModeloVehiculo] ([IdModelo], [Descripcion]) VALUES (198, N'Czero')
INSERT [dbo].[ModeloVehiculo] ([IdModelo], [Descripcion]) VALUES (199, N'Ds4')
INSERT [dbo].[ModeloVehiculo] ([IdModelo], [Descripcion]) VALUES (200, N'Ds5')
GO
INSERT [dbo].[ModeloVehiculo] ([IdModelo], [Descripcion]) VALUES (201, N'C4 Aircross')
INSERT [dbo].[ModeloVehiculo] ([IdModelo], [Descripcion]) VALUES (202, N'Celysee')
INSERT [dbo].[ModeloVehiculo] ([IdModelo], [Descripcion]) VALUES (203, N'Corvette')
INSERT [dbo].[ModeloVehiculo] ([IdModelo], [Descripcion]) VALUES (204, N'Contac')
INSERT [dbo].[ModeloVehiculo] ([IdModelo], [Descripcion]) VALUES (205, N'Logan')
INSERT [dbo].[ModeloVehiculo] ([IdModelo], [Descripcion]) VALUES (206, N'Sandero')
INSERT [dbo].[ModeloVehiculo] ([IdModelo], [Descripcion]) VALUES (207, N'Duster')
INSERT [dbo].[ModeloVehiculo] ([IdModelo], [Descripcion]) VALUES (208, N'Lodgy')
INSERT [dbo].[ModeloVehiculo] ([IdModelo], [Descripcion]) VALUES (209, N'Nexia')
INSERT [dbo].[ModeloVehiculo] ([IdModelo], [Descripcion]) VALUES (210, N'Aranos')
INSERT [dbo].[ModeloVehiculo] ([IdModelo], [Descripcion]) VALUES (211, N'Lanos')
INSERT [dbo].[ModeloVehiculo] ([IdModelo], [Descripcion]) VALUES (212, N'Nubira')
INSERT [dbo].[ModeloVehiculo] ([IdModelo], [Descripcion]) VALUES (213, N'Compact')
INSERT [dbo].[ModeloVehiculo] ([IdModelo], [Descripcion]) VALUES (214, N'Nubira Compact')
INSERT [dbo].[ModeloVehiculo] ([IdModelo], [Descripcion]) VALUES (215, N'Leganza')
INSERT [dbo].[ModeloVehiculo] ([IdModelo], [Descripcion]) VALUES (216, N'Evanda')
INSERT [dbo].[ModeloVehiculo] ([IdModelo], [Descripcion]) VALUES (217, N'Matiz')
INSERT [dbo].[ModeloVehiculo] ([IdModelo], [Descripcion]) VALUES (218, N'Tacuma')
INSERT [dbo].[ModeloVehiculo] ([IdModelo], [Descripcion]) VALUES (219, N'Kalos')
INSERT [dbo].[ModeloVehiculo] ([IdModelo], [Descripcion]) VALUES (220, N'Lacetti')
INSERT [dbo].[ModeloVehiculo] ([IdModelo], [Descripcion]) VALUES (221, N'Applause')
INSERT [dbo].[ModeloVehiculo] ([IdModelo], [Descripcion]) VALUES (222, N'Charade')
INSERT [dbo].[ModeloVehiculo] ([IdModelo], [Descripcion]) VALUES (223, N'Rocky')
INSERT [dbo].[ModeloVehiculo] ([IdModelo], [Descripcion]) VALUES (224, N'Feroza')
INSERT [dbo].[ModeloVehiculo] ([IdModelo], [Descripcion]) VALUES (225, N'Terios')
INSERT [dbo].[ModeloVehiculo] ([IdModelo], [Descripcion]) VALUES (226, N'Sirion')
INSERT [dbo].[ModeloVehiculo] ([IdModelo], [Descripcion]) VALUES (227, N'Serie Xj')
INSERT [dbo].[ModeloVehiculo] ([IdModelo], [Descripcion]) VALUES (228, N'Xj')
INSERT [dbo].[ModeloVehiculo] ([IdModelo], [Descripcion]) VALUES (229, N'Double Six')
INSERT [dbo].[ModeloVehiculo] ([IdModelo], [Descripcion]) VALUES (230, N'Six')
INSERT [dbo].[ModeloVehiculo] ([IdModelo], [Descripcion]) VALUES (231, N'Series Iii')
INSERT [dbo].[ModeloVehiculo] ([IdModelo], [Descripcion]) VALUES (232, N'Viper')
INSERT [dbo].[ModeloVehiculo] ([IdModelo], [Descripcion]) VALUES (233, N'Caliber')
INSERT [dbo].[ModeloVehiculo] ([IdModelo], [Descripcion]) VALUES (234, N'Nitro')
INSERT [dbo].[ModeloVehiculo] ([IdModelo], [Descripcion]) VALUES (235, N'Avenger')
INSERT [dbo].[ModeloVehiculo] ([IdModelo], [Descripcion]) VALUES (236, N'Journey')
INSERT [dbo].[ModeloVehiculo] ([IdModelo], [Descripcion]) VALUES (237, N'F355')
INSERT [dbo].[ModeloVehiculo] ([IdModelo], [Descripcion]) VALUES (238, N'360')
INSERT [dbo].[ModeloVehiculo] ([IdModelo], [Descripcion]) VALUES (239, N'F430')
INSERT [dbo].[ModeloVehiculo] ([IdModelo], [Descripcion]) VALUES (240, N'F512 M')
INSERT [dbo].[ModeloVehiculo] ([IdModelo], [Descripcion]) VALUES (241, N'550 Maranello')
INSERT [dbo].[ModeloVehiculo] ([IdModelo], [Descripcion]) VALUES (242, N'575m Maranello')
INSERT [dbo].[ModeloVehiculo] ([IdModelo], [Descripcion]) VALUES (243, N'599')
INSERT [dbo].[ModeloVehiculo] ([IdModelo], [Descripcion]) VALUES (244, N'456')
INSERT [dbo].[ModeloVehiculo] ([IdModelo], [Descripcion]) VALUES (245, N'456m')
INSERT [dbo].[ModeloVehiculo] ([IdModelo], [Descripcion]) VALUES (246, N'612')
INSERT [dbo].[ModeloVehiculo] ([IdModelo], [Descripcion]) VALUES (247, N'F50')
INSERT [dbo].[ModeloVehiculo] ([IdModelo], [Descripcion]) VALUES (248, N'Enzo')
INSERT [dbo].[ModeloVehiculo] ([IdModelo], [Descripcion]) VALUES (249, N'Superamerica')
INSERT [dbo].[ModeloVehiculo] ([IdModelo], [Descripcion]) VALUES (250, N'430')
INSERT [dbo].[ModeloVehiculo] ([IdModelo], [Descripcion]) VALUES (251, N'348')
INSERT [dbo].[ModeloVehiculo] ([IdModelo], [Descripcion]) VALUES (252, N'Testarossa')
INSERT [dbo].[ModeloVehiculo] ([IdModelo], [Descripcion]) VALUES (253, N'512')
INSERT [dbo].[ModeloVehiculo] ([IdModelo], [Descripcion]) VALUES (254, N'355')
INSERT [dbo].[ModeloVehiculo] ([IdModelo], [Descripcion]) VALUES (255, N'F40')
INSERT [dbo].[ModeloVehiculo] ([IdModelo], [Descripcion]) VALUES (256, N'412')
INSERT [dbo].[ModeloVehiculo] ([IdModelo], [Descripcion]) VALUES (257, N'Mondial')
INSERT [dbo].[ModeloVehiculo] ([IdModelo], [Descripcion]) VALUES (258, N'328')
INSERT [dbo].[ModeloVehiculo] ([IdModelo], [Descripcion]) VALUES (259, N'California')
INSERT [dbo].[ModeloVehiculo] ([IdModelo], [Descripcion]) VALUES (260, N'458')
INSERT [dbo].[ModeloVehiculo] ([IdModelo], [Descripcion]) VALUES (261, N'Ff')
INSERT [dbo].[ModeloVehiculo] ([IdModelo], [Descripcion]) VALUES (262, N'Croma')
INSERT [dbo].[ModeloVehiculo] ([IdModelo], [Descripcion]) VALUES (263, N'Cinquecento')
INSERT [dbo].[ModeloVehiculo] ([IdModelo], [Descripcion]) VALUES (264, N'Seicento')
INSERT [dbo].[ModeloVehiculo] ([IdModelo], [Descripcion]) VALUES (265, N'Punto')
INSERT [dbo].[ModeloVehiculo] ([IdModelo], [Descripcion]) VALUES (266, N'Grande Punto')
INSERT [dbo].[ModeloVehiculo] ([IdModelo], [Descripcion]) VALUES (267, N'Panda')
INSERT [dbo].[ModeloVehiculo] ([IdModelo], [Descripcion]) VALUES (268, N'Tipo')
INSERT [dbo].[ModeloVehiculo] ([IdModelo], [Descripcion]) VALUES (269, N'Coupe')
INSERT [dbo].[ModeloVehiculo] ([IdModelo], [Descripcion]) VALUES (270, N'Uno')
INSERT [dbo].[ModeloVehiculo] ([IdModelo], [Descripcion]) VALUES (271, N'Ulysse')
INSERT [dbo].[ModeloVehiculo] ([IdModelo], [Descripcion]) VALUES (272, N'Tempra')
INSERT [dbo].[ModeloVehiculo] ([IdModelo], [Descripcion]) VALUES (273, N'Marea')
INSERT [dbo].[ModeloVehiculo] ([IdModelo], [Descripcion]) VALUES (274, N'Barchetta')
INSERT [dbo].[ModeloVehiculo] ([IdModelo], [Descripcion]) VALUES (275, N'Bravo')
INSERT [dbo].[ModeloVehiculo] ([IdModelo], [Descripcion]) VALUES (276, N'Stilo')
INSERT [dbo].[ModeloVehiculo] ([IdModelo], [Descripcion]) VALUES (277, N'Brava')
INSERT [dbo].[ModeloVehiculo] ([IdModelo], [Descripcion]) VALUES (278, N'Palio Weekend')
INSERT [dbo].[ModeloVehiculo] ([IdModelo], [Descripcion]) VALUES (279, N'600')
INSERT [dbo].[ModeloVehiculo] ([IdModelo], [Descripcion]) VALUES (280, N'Multipla')
INSERT [dbo].[ModeloVehiculo] ([IdModelo], [Descripcion]) VALUES (281, N'Idea')
INSERT [dbo].[ModeloVehiculo] ([IdModelo], [Descripcion]) VALUES (282, N'Sedici')
INSERT [dbo].[ModeloVehiculo] ([IdModelo], [Descripcion]) VALUES (283, N'Linea')
INSERT [dbo].[ModeloVehiculo] ([IdModelo], [Descripcion]) VALUES (284, N'500')
INSERT [dbo].[ModeloVehiculo] ([IdModelo], [Descripcion]) VALUES (285, N'Fiorino')
INSERT [dbo].[ModeloVehiculo] ([IdModelo], [Descripcion]) VALUES (286, N'Ducato')
INSERT [dbo].[ModeloVehiculo] ([IdModelo], [Descripcion]) VALUES (287, N'Doblo Cargo')
INSERT [dbo].[ModeloVehiculo] ([IdModelo], [Descripcion]) VALUES (288, N'Doblo')
INSERT [dbo].[ModeloVehiculo] ([IdModelo], [Descripcion]) VALUES (289, N'Strada')
INSERT [dbo].[ModeloVehiculo] ([IdModelo], [Descripcion]) VALUES (290, N'Regata')
INSERT [dbo].[ModeloVehiculo] ([IdModelo], [Descripcion]) VALUES (291, N'Talento')
INSERT [dbo].[ModeloVehiculo] ([IdModelo], [Descripcion]) VALUES (292, N'Argenta')
INSERT [dbo].[ModeloVehiculo] ([IdModelo], [Descripcion]) VALUES (293, N'Ritmo')
INSERT [dbo].[ModeloVehiculo] ([IdModelo], [Descripcion]) VALUES (294, N'Punto Classic')
INSERT [dbo].[ModeloVehiculo] ([IdModelo], [Descripcion]) VALUES (295, N'Qubo')
INSERT [dbo].[ModeloVehiculo] ([IdModelo], [Descripcion]) VALUES (296, N'Punto Evo')
INSERT [dbo].[ModeloVehiculo] ([IdModelo], [Descripcion]) VALUES (297, N'500c')
INSERT [dbo].[ModeloVehiculo] ([IdModelo], [Descripcion]) VALUES (298, N'Freemont')
INSERT [dbo].[ModeloVehiculo] ([IdModelo], [Descripcion]) VALUES (299, N'Panda Classic')
INSERT [dbo].[ModeloVehiculo] ([IdModelo], [Descripcion]) VALUES (300, N'500l')
GO
INSERT [dbo].[ModeloVehiculo] ([IdModelo], [Descripcion]) VALUES (301, N'Maverick')
INSERT [dbo].[ModeloVehiculo] ([IdModelo], [Descripcion]) VALUES (302, N'Escort')
INSERT [dbo].[ModeloVehiculo] ([IdModelo], [Descripcion]) VALUES (303, N'Focus')
INSERT [dbo].[ModeloVehiculo] ([IdModelo], [Descripcion]) VALUES (304, N'Mondeo')
INSERT [dbo].[ModeloVehiculo] ([IdModelo], [Descripcion]) VALUES (305, N'Scorpio')
INSERT [dbo].[ModeloVehiculo] ([IdModelo], [Descripcion]) VALUES (306, N'Fiesta')
INSERT [dbo].[ModeloVehiculo] ([IdModelo], [Descripcion]) VALUES (307, N'Probe')
INSERT [dbo].[ModeloVehiculo] ([IdModelo], [Descripcion]) VALUES (308, N'Explorer')
INSERT [dbo].[ModeloVehiculo] ([IdModelo], [Descripcion]) VALUES (309, N'Galaxy')
INSERT [dbo].[ModeloVehiculo] ([IdModelo], [Descripcion]) VALUES (310, N'Ka')
INSERT [dbo].[ModeloVehiculo] ([IdModelo], [Descripcion]) VALUES (311, N'Puma')
INSERT [dbo].[ModeloVehiculo] ([IdModelo], [Descripcion]) VALUES (312, N'Cougar')
INSERT [dbo].[ModeloVehiculo] ([IdModelo], [Descripcion]) VALUES (313, N'Focus Cmax')
INSERT [dbo].[ModeloVehiculo] ([IdModelo], [Descripcion]) VALUES (314, N'Fusion')
INSERT [dbo].[ModeloVehiculo] ([IdModelo], [Descripcion]) VALUES (315, N'Streetka')
INSERT [dbo].[ModeloVehiculo] ([IdModelo], [Descripcion]) VALUES (316, N'Cmax')
INSERT [dbo].[ModeloVehiculo] ([IdModelo], [Descripcion]) VALUES (317, N'Smax')
INSERT [dbo].[ModeloVehiculo] ([IdModelo], [Descripcion]) VALUES (318, N'Transit')
INSERT [dbo].[ModeloVehiculo] ([IdModelo], [Descripcion]) VALUES (319, N'Courier')
INSERT [dbo].[ModeloVehiculo] ([IdModelo], [Descripcion]) VALUES (320, N'Ranger')
INSERT [dbo].[ModeloVehiculo] ([IdModelo], [Descripcion]) VALUES (321, N'Sierra')
INSERT [dbo].[ModeloVehiculo] ([IdModelo], [Descripcion]) VALUES (322, N'Orion')
INSERT [dbo].[ModeloVehiculo] ([IdModelo], [Descripcion]) VALUES (323, N'Pick Up')
INSERT [dbo].[ModeloVehiculo] ([IdModelo], [Descripcion]) VALUES (324, N'Capri')
INSERT [dbo].[ModeloVehiculo] ([IdModelo], [Descripcion]) VALUES (325, N'Granada')
INSERT [dbo].[ModeloVehiculo] ([IdModelo], [Descripcion]) VALUES (326, N'Kuga')
INSERT [dbo].[ModeloVehiculo] ([IdModelo], [Descripcion]) VALUES (327, N'Grand Cmax')
INSERT [dbo].[ModeloVehiculo] ([IdModelo], [Descripcion]) VALUES (328, N'Bmax')
INSERT [dbo].[ModeloVehiculo] ([IdModelo], [Descripcion]) VALUES (329, N'Tourneo Custom')
INSERT [dbo].[ModeloVehiculo] ([IdModelo], [Descripcion]) VALUES (330, N'Exceed')
INSERT [dbo].[ModeloVehiculo] ([IdModelo], [Descripcion]) VALUES (331, N'Santamo')
INSERT [dbo].[ModeloVehiculo] ([IdModelo], [Descripcion]) VALUES (332, N'Super Exceed')
INSERT [dbo].[ModeloVehiculo] ([IdModelo], [Descripcion]) VALUES (333, N'Accord')
INSERT [dbo].[ModeloVehiculo] ([IdModelo], [Descripcion]) VALUES (334, N'Civic')
INSERT [dbo].[ModeloVehiculo] ([IdModelo], [Descripcion]) VALUES (335, N'Crx')
INSERT [dbo].[ModeloVehiculo] ([IdModelo], [Descripcion]) VALUES (336, N'Prelude')
INSERT [dbo].[ModeloVehiculo] ([IdModelo], [Descripcion]) VALUES (337, N'Nsx')
INSERT [dbo].[ModeloVehiculo] ([IdModelo], [Descripcion]) VALUES (338, N'Legend')
INSERT [dbo].[ModeloVehiculo] ([IdModelo], [Descripcion]) VALUES (339, N'Crv')
INSERT [dbo].[ModeloVehiculo] ([IdModelo], [Descripcion]) VALUES (340, N'Hrv')
INSERT [dbo].[ModeloVehiculo] ([IdModelo], [Descripcion]) VALUES (341, N'Logo')
INSERT [dbo].[ModeloVehiculo] ([IdModelo], [Descripcion]) VALUES (342, N'S2000')
INSERT [dbo].[ModeloVehiculo] ([IdModelo], [Descripcion]) VALUES (343, N'Stream')
INSERT [dbo].[ModeloVehiculo] ([IdModelo], [Descripcion]) VALUES (344, N'Jazz')
INSERT [dbo].[ModeloVehiculo] ([IdModelo], [Descripcion]) VALUES (345, N'Frv')
INSERT [dbo].[ModeloVehiculo] ([IdModelo], [Descripcion]) VALUES (346, N'Concerto')
INSERT [dbo].[ModeloVehiculo] ([IdModelo], [Descripcion]) VALUES (347, N'Insight')
INSERT [dbo].[ModeloVehiculo] ([IdModelo], [Descripcion]) VALUES (348, N'Crz')
INSERT [dbo].[ModeloVehiculo] ([IdModelo], [Descripcion]) VALUES (349, N'H2')
INSERT [dbo].[ModeloVehiculo] ([IdModelo], [Descripcion]) VALUES (350, N'H3')
INSERT [dbo].[ModeloVehiculo] ([IdModelo], [Descripcion]) VALUES (351, N'H3t')
INSERT [dbo].[ModeloVehiculo] ([IdModelo], [Descripcion]) VALUES (352, N'Lantra')
INSERT [dbo].[ModeloVehiculo] ([IdModelo], [Descripcion]) VALUES (353, N'Sonata')
INSERT [dbo].[ModeloVehiculo] ([IdModelo], [Descripcion]) VALUES (354, N'Elantra')
INSERT [dbo].[ModeloVehiculo] ([IdModelo], [Descripcion]) VALUES (355, N'Accent')
INSERT [dbo].[ModeloVehiculo] ([IdModelo], [Descripcion]) VALUES (356, N'Scoupe')
INSERT [dbo].[ModeloVehiculo] ([IdModelo], [Descripcion]) VALUES (357, N'Coupe')
INSERT [dbo].[ModeloVehiculo] ([IdModelo], [Descripcion]) VALUES (358, N'Atos')
INSERT [dbo].[ModeloVehiculo] ([IdModelo], [Descripcion]) VALUES (359, N'H1')
INSERT [dbo].[ModeloVehiculo] ([IdModelo], [Descripcion]) VALUES (360, N'Atos Prime')
INSERT [dbo].[ModeloVehiculo] ([IdModelo], [Descripcion]) VALUES (361, N'Xg')
INSERT [dbo].[ModeloVehiculo] ([IdModelo], [Descripcion]) VALUES (362, N'Trajet')
INSERT [dbo].[ModeloVehiculo] ([IdModelo], [Descripcion]) VALUES (363, N'Santa Fe')
INSERT [dbo].[ModeloVehiculo] ([IdModelo], [Descripcion]) VALUES (364, N'Terracan')
INSERT [dbo].[ModeloVehiculo] ([IdModelo], [Descripcion]) VALUES (365, N'Matrix')
INSERT [dbo].[ModeloVehiculo] ([IdModelo], [Descripcion]) VALUES (366, N'Getz')
INSERT [dbo].[ModeloVehiculo] ([IdModelo], [Descripcion]) VALUES (367, N'Tucson')
INSERT [dbo].[ModeloVehiculo] ([IdModelo], [Descripcion]) VALUES (368, N'I30')
INSERT [dbo].[ModeloVehiculo] ([IdModelo], [Descripcion]) VALUES (369, N'Pony')
INSERT [dbo].[ModeloVehiculo] ([IdModelo], [Descripcion]) VALUES (370, N'Grandeur')
INSERT [dbo].[ModeloVehiculo] ([IdModelo], [Descripcion]) VALUES (371, N'I10')
INSERT [dbo].[ModeloVehiculo] ([IdModelo], [Descripcion]) VALUES (372, N'I800')
INSERT [dbo].[ModeloVehiculo] ([IdModelo], [Descripcion]) VALUES (373, N'Sonata Fl')
INSERT [dbo].[ModeloVehiculo] ([IdModelo], [Descripcion]) VALUES (374, N'Ix55')
INSERT [dbo].[ModeloVehiculo] ([IdModelo], [Descripcion]) VALUES (375, N'I20')
INSERT [dbo].[ModeloVehiculo] ([IdModelo], [Descripcion]) VALUES (376, N'Ix35')
INSERT [dbo].[ModeloVehiculo] ([IdModelo], [Descripcion]) VALUES (377, N'Ix20')
INSERT [dbo].[ModeloVehiculo] ([IdModelo], [Descripcion]) VALUES (378, N'Genesis')
INSERT [dbo].[ModeloVehiculo] ([IdModelo], [Descripcion]) VALUES (379, N'I40')
INSERT [dbo].[ModeloVehiculo] ([IdModelo], [Descripcion]) VALUES (380, N'Veloster')
INSERT [dbo].[ModeloVehiculo] ([IdModelo], [Descripcion]) VALUES (381, N'G')
INSERT [dbo].[ModeloVehiculo] ([IdModelo], [Descripcion]) VALUES (382, N'Ex')
INSERT [dbo].[ModeloVehiculo] ([IdModelo], [Descripcion]) VALUES (383, N'Fx')
INSERT [dbo].[ModeloVehiculo] ([IdModelo], [Descripcion]) VALUES (384, N'M')
INSERT [dbo].[ModeloVehiculo] ([IdModelo], [Descripcion]) VALUES (385, N'Elba')
INSERT [dbo].[ModeloVehiculo] ([IdModelo], [Descripcion]) VALUES (386, N'Minitre')
INSERT [dbo].[ModeloVehiculo] ([IdModelo], [Descripcion]) VALUES (387, N'Trooper')
INSERT [dbo].[ModeloVehiculo] ([IdModelo], [Descripcion]) VALUES (388, N'Pick Up')
INSERT [dbo].[ModeloVehiculo] ([IdModelo], [Descripcion]) VALUES (389, N'D Max')
INSERT [dbo].[ModeloVehiculo] ([IdModelo], [Descripcion]) VALUES (390, N'Rodeo')
INSERT [dbo].[ModeloVehiculo] ([IdModelo], [Descripcion]) VALUES (391, N'Dmax')
INSERT [dbo].[ModeloVehiculo] ([IdModelo], [Descripcion]) VALUES (392, N'Trroper')
INSERT [dbo].[ModeloVehiculo] ([IdModelo], [Descripcion]) VALUES (393, N'Daily')
INSERT [dbo].[ModeloVehiculo] ([IdModelo], [Descripcion]) VALUES (394, N'Massif')
INSERT [dbo].[ModeloVehiculo] ([IdModelo], [Descripcion]) VALUES (395, N'Daily')
INSERT [dbo].[ModeloVehiculo] ([IdModelo], [Descripcion]) VALUES (396, N'Duty')
INSERT [dbo].[ModeloVehiculo] ([IdModelo], [Descripcion]) VALUES (397, N'Serie Xj')
INSERT [dbo].[ModeloVehiculo] ([IdModelo], [Descripcion]) VALUES (398, N'Serie Xk')
INSERT [dbo].[ModeloVehiculo] ([IdModelo], [Descripcion]) VALUES (399, N'Xj')
INSERT [dbo].[ModeloVehiculo] ([IdModelo], [Descripcion]) VALUES (400, N'Stype')
GO
INSERT [dbo].[ModeloVehiculo] ([IdModelo], [Descripcion]) VALUES (401, N'Xf')
INSERT [dbo].[ModeloVehiculo] ([IdModelo], [Descripcion]) VALUES (402, N'Xtype')
INSERT [dbo].[ModeloVehiculo] ([IdModelo], [Descripcion]) VALUES (403, N'Wrangler')
INSERT [dbo].[ModeloVehiculo] ([IdModelo], [Descripcion]) VALUES (404, N'Cherokee')
INSERT [dbo].[ModeloVehiculo] ([IdModelo], [Descripcion]) VALUES (405, N'Grand Cherokee')
INSERT [dbo].[ModeloVehiculo] ([IdModelo], [Descripcion]) VALUES (406, N'Commander')
INSERT [dbo].[ModeloVehiculo] ([IdModelo], [Descripcion]) VALUES (407, N'Compass')
INSERT [dbo].[ModeloVehiculo] ([IdModelo], [Descripcion]) VALUES (408, N'Wrangler Unlimited')
INSERT [dbo].[ModeloVehiculo] ([IdModelo], [Descripcion]) VALUES (409, N'Patriot')
INSERT [dbo].[ModeloVehiculo] ([IdModelo], [Descripcion]) VALUES (410, N'Sportage')
INSERT [dbo].[ModeloVehiculo] ([IdModelo], [Descripcion]) VALUES (411, N'Sephia')
INSERT [dbo].[ModeloVehiculo] ([IdModelo], [Descripcion]) VALUES (412, N'Sephia Ii')
INSERT [dbo].[ModeloVehiculo] ([IdModelo], [Descripcion]) VALUES (413, N'Pride')
INSERT [dbo].[ModeloVehiculo] ([IdModelo], [Descripcion]) VALUES (414, N'Clarus')
INSERT [dbo].[ModeloVehiculo] ([IdModelo], [Descripcion]) VALUES (415, N'Shuma')
INSERT [dbo].[ModeloVehiculo] ([IdModelo], [Descripcion]) VALUES (416, N'Carnival')
INSERT [dbo].[ModeloVehiculo] ([IdModelo], [Descripcion]) VALUES (417, N'Joice')
INSERT [dbo].[ModeloVehiculo] ([IdModelo], [Descripcion]) VALUES (418, N'Magentis')
INSERT [dbo].[ModeloVehiculo] ([IdModelo], [Descripcion]) VALUES (419, N'Carens')
INSERT [dbo].[ModeloVehiculo] ([IdModelo], [Descripcion]) VALUES (420, N'Rio')
INSERT [dbo].[ModeloVehiculo] ([IdModelo], [Descripcion]) VALUES (421, N'Cerato')
INSERT [dbo].[ModeloVehiculo] ([IdModelo], [Descripcion]) VALUES (422, N'Sorento')
INSERT [dbo].[ModeloVehiculo] ([IdModelo], [Descripcion]) VALUES (423, N'Opirus')
INSERT [dbo].[ModeloVehiculo] ([IdModelo], [Descripcion]) VALUES (424, N'Picanto')
INSERT [dbo].[ModeloVehiculo] ([IdModelo], [Descripcion]) VALUES (425, N'Ceed')
INSERT [dbo].[ModeloVehiculo] ([IdModelo], [Descripcion]) VALUES (426, N'Ceed Sporty Wagon')
INSERT [dbo].[ModeloVehiculo] ([IdModelo], [Descripcion]) VALUES (427, N'Proceed')
INSERT [dbo].[ModeloVehiculo] ([IdModelo], [Descripcion]) VALUES (428, N'K2500 Frontier')
INSERT [dbo].[ModeloVehiculo] ([IdModelo], [Descripcion]) VALUES (429, N'K2500')
INSERT [dbo].[ModeloVehiculo] ([IdModelo], [Descripcion]) VALUES (430, N'Soul')
INSERT [dbo].[ModeloVehiculo] ([IdModelo], [Descripcion]) VALUES (431, N'Venga')
INSERT [dbo].[ModeloVehiculo] ([IdModelo], [Descripcion]) VALUES (432, N'Optima')
INSERT [dbo].[ModeloVehiculo] ([IdModelo], [Descripcion]) VALUES (433, N'Ceed Sportswagon')
INSERT [dbo].[ModeloVehiculo] ([IdModelo], [Descripcion]) VALUES (434, N'Samara')
INSERT [dbo].[ModeloVehiculo] ([IdModelo], [Descripcion]) VALUES (435, N'Niva')
INSERT [dbo].[ModeloVehiculo] ([IdModelo], [Descripcion]) VALUES (436, N'Sagona')
INSERT [dbo].[ModeloVehiculo] ([IdModelo], [Descripcion]) VALUES (437, N'Stawra 2110')
INSERT [dbo].[ModeloVehiculo] ([IdModelo], [Descripcion]) VALUES (438, N'214')
INSERT [dbo].[ModeloVehiculo] ([IdModelo], [Descripcion]) VALUES (439, N'Kalina')
INSERT [dbo].[ModeloVehiculo] ([IdModelo], [Descripcion]) VALUES (440, N'Serie 2100')
INSERT [dbo].[ModeloVehiculo] ([IdModelo], [Descripcion]) VALUES (441, N'Priora')
INSERT [dbo].[ModeloVehiculo] ([IdModelo], [Descripcion]) VALUES (442, N'Gallardo')
INSERT [dbo].[ModeloVehiculo] ([IdModelo], [Descripcion]) VALUES (443, N'Murcielago')
INSERT [dbo].[ModeloVehiculo] ([IdModelo], [Descripcion]) VALUES (444, N'Aventador')
INSERT [dbo].[ModeloVehiculo] ([IdModelo], [Descripcion]) VALUES (445, N'Delta')
INSERT [dbo].[ModeloVehiculo] ([IdModelo], [Descripcion]) VALUES (446, N'K')
INSERT [dbo].[ModeloVehiculo] ([IdModelo], [Descripcion]) VALUES (447, N'Y10')
INSERT [dbo].[ModeloVehiculo] ([IdModelo], [Descripcion]) VALUES (448, N'Dedra')
INSERT [dbo].[ModeloVehiculo] ([IdModelo], [Descripcion]) VALUES (449, N'Lybra')
INSERT [dbo].[ModeloVehiculo] ([IdModelo], [Descripcion]) VALUES (450, N'Z')
INSERT [dbo].[ModeloVehiculo] ([IdModelo], [Descripcion]) VALUES (451, N'Y')
INSERT [dbo].[ModeloVehiculo] ([IdModelo], [Descripcion]) VALUES (452, N'Ypsilon')
INSERT [dbo].[ModeloVehiculo] ([IdModelo], [Descripcion]) VALUES (453, N'Thesis')
INSERT [dbo].[ModeloVehiculo] ([IdModelo], [Descripcion]) VALUES (454, N'Phedra')
INSERT [dbo].[ModeloVehiculo] ([IdModelo], [Descripcion]) VALUES (455, N'Musa')
INSERT [dbo].[ModeloVehiculo] ([IdModelo], [Descripcion]) VALUES (456, N'Thema')
INSERT [dbo].[ModeloVehiculo] ([IdModelo], [Descripcion]) VALUES (457, N'Zeta')
INSERT [dbo].[ModeloVehiculo] ([IdModelo], [Descripcion]) VALUES (458, N'Kappa')
INSERT [dbo].[ModeloVehiculo] ([IdModelo], [Descripcion]) VALUES (459, N'Trevi')
INSERT [dbo].[ModeloVehiculo] ([IdModelo], [Descripcion]) VALUES (460, N'Prisma')
INSERT [dbo].[ModeloVehiculo] ([IdModelo], [Descripcion]) VALUES (461, N'A112')
INSERT [dbo].[ModeloVehiculo] ([IdModelo], [Descripcion]) VALUES (462, N'Ypsilon Elefantino')
INSERT [dbo].[ModeloVehiculo] ([IdModelo], [Descripcion]) VALUES (463, N'Voyager')
INSERT [dbo].[ModeloVehiculo] ([IdModelo], [Descripcion]) VALUES (464, N'Range Rover')
INSERT [dbo].[ModeloVehiculo] ([IdModelo], [Descripcion]) VALUES (465, N'Defender')
INSERT [dbo].[ModeloVehiculo] ([IdModelo], [Descripcion]) VALUES (466, N'Discovery')
INSERT [dbo].[ModeloVehiculo] ([IdModelo], [Descripcion]) VALUES (467, N'Freelander')
INSERT [dbo].[ModeloVehiculo] ([IdModelo], [Descripcion]) VALUES (468, N'Range Rover Sport')
INSERT [dbo].[ModeloVehiculo] ([IdModelo], [Descripcion]) VALUES (469, N'Discovery 4')
INSERT [dbo].[ModeloVehiculo] ([IdModelo], [Descripcion]) VALUES (470, N'Range Rover Evoque')
INSERT [dbo].[ModeloVehiculo] ([IdModelo], [Descripcion]) VALUES (471, N'Maxus')
INSERT [dbo].[ModeloVehiculo] ([IdModelo], [Descripcion]) VALUES (472, N'Ls400')
INSERT [dbo].[ModeloVehiculo] ([IdModelo], [Descripcion]) VALUES (473, N'Ls430')
INSERT [dbo].[ModeloVehiculo] ([IdModelo], [Descripcion]) VALUES (474, N'Gs300')
INSERT [dbo].[ModeloVehiculo] ([IdModelo], [Descripcion]) VALUES (475, N'Is200')
INSERT [dbo].[ModeloVehiculo] ([IdModelo], [Descripcion]) VALUES (476, N'Rx300')
INSERT [dbo].[ModeloVehiculo] ([IdModelo], [Descripcion]) VALUES (477, N'Gs430')
INSERT [dbo].[ModeloVehiculo] ([IdModelo], [Descripcion]) VALUES (478, N'Gs460')
INSERT [dbo].[ModeloVehiculo] ([IdModelo], [Descripcion]) VALUES (479, N'Sc430')
INSERT [dbo].[ModeloVehiculo] ([IdModelo], [Descripcion]) VALUES (480, N'Is300')
INSERT [dbo].[ModeloVehiculo] ([IdModelo], [Descripcion]) VALUES (481, N'Is250')
INSERT [dbo].[ModeloVehiculo] ([IdModelo], [Descripcion]) VALUES (482, N'Rx400h')
INSERT [dbo].[ModeloVehiculo] ([IdModelo], [Descripcion]) VALUES (483, N'Is220d')
INSERT [dbo].[ModeloVehiculo] ([IdModelo], [Descripcion]) VALUES (484, N'Rx350')
INSERT [dbo].[ModeloVehiculo] ([IdModelo], [Descripcion]) VALUES (485, N'Gs450h')
INSERT [dbo].[ModeloVehiculo] ([IdModelo], [Descripcion]) VALUES (486, N'Ls460')
INSERT [dbo].[ModeloVehiculo] ([IdModelo], [Descripcion]) VALUES (487, N'Ls600h')
INSERT [dbo].[ModeloVehiculo] ([IdModelo], [Descripcion]) VALUES (488, N'Ls')
INSERT [dbo].[ModeloVehiculo] ([IdModelo], [Descripcion]) VALUES (489, N'Gs')
INSERT [dbo].[ModeloVehiculo] ([IdModelo], [Descripcion]) VALUES (490, N'Is')
INSERT [dbo].[ModeloVehiculo] ([IdModelo], [Descripcion]) VALUES (491, N'Sc')
INSERT [dbo].[ModeloVehiculo] ([IdModelo], [Descripcion]) VALUES (492, N'Rx')
INSERT [dbo].[ModeloVehiculo] ([IdModelo], [Descripcion]) VALUES (493, N'Ct')
INSERT [dbo].[ModeloVehiculo] ([IdModelo], [Descripcion]) VALUES (494, N'Elise')
INSERT [dbo].[ModeloVehiculo] ([IdModelo], [Descripcion]) VALUES (495, N'Exige')
INSERT [dbo].[ModeloVehiculo] ([IdModelo], [Descripcion]) VALUES (496, N'Bolero Pickup')
INSERT [dbo].[ModeloVehiculo] ([IdModelo], [Descripcion]) VALUES (497, N'Goa Pickup')
INSERT [dbo].[ModeloVehiculo] ([IdModelo], [Descripcion]) VALUES (498, N'Goa')
INSERT [dbo].[ModeloVehiculo] ([IdModelo], [Descripcion]) VALUES (499, N'Cj')
INSERT [dbo].[ModeloVehiculo] ([IdModelo], [Descripcion]) VALUES (500, N'Pikup')
GO
INSERT [dbo].[ModeloVehiculo] ([IdModelo], [Descripcion]) VALUES (501, N'Thar')
INSERT [dbo].[ModeloVehiculo] ([IdModelo], [Descripcion]) VALUES (502, N'Ghibli')
INSERT [dbo].[ModeloVehiculo] ([IdModelo], [Descripcion]) VALUES (503, N'Shamal')
INSERT [dbo].[ModeloVehiculo] ([IdModelo], [Descripcion]) VALUES (504, N'Quattroporte')
INSERT [dbo].[ModeloVehiculo] ([IdModelo], [Descripcion]) VALUES (505, N'3200 Gt')
INSERT [dbo].[ModeloVehiculo] ([IdModelo], [Descripcion]) VALUES (506, N'Coupe')
INSERT [dbo].[ModeloVehiculo] ([IdModelo], [Descripcion]) VALUES (507, N'Spyder')
INSERT [dbo].[ModeloVehiculo] ([IdModelo], [Descripcion]) VALUES (508, N'Gransport')
INSERT [dbo].[ModeloVehiculo] ([IdModelo], [Descripcion]) VALUES (509, N'Granturismo')
INSERT [dbo].[ModeloVehiculo] ([IdModelo], [Descripcion]) VALUES (510, N'430')
INSERT [dbo].[ModeloVehiculo] ([IdModelo], [Descripcion]) VALUES (511, N'Biturbo')
INSERT [dbo].[ModeloVehiculo] ([IdModelo], [Descripcion]) VALUES (512, N'228')
INSERT [dbo].[ModeloVehiculo] ([IdModelo], [Descripcion]) VALUES (513, N'224')
INSERT [dbo].[ModeloVehiculo] ([IdModelo], [Descripcion]) VALUES (514, N'Grancabrio')
INSERT [dbo].[ModeloVehiculo] ([IdModelo], [Descripcion]) VALUES (515, N'Maybach')
INSERT [dbo].[ModeloVehiculo] ([IdModelo], [Descripcion]) VALUES (516, N'Xedos 6')
INSERT [dbo].[ModeloVehiculo] ([IdModelo], [Descripcion]) VALUES (517, N'626')
INSERT [dbo].[ModeloVehiculo] ([IdModelo], [Descripcion]) VALUES (518, N'121')
INSERT [dbo].[ModeloVehiculo] ([IdModelo], [Descripcion]) VALUES (519, N'Xedos 9')
INSERT [dbo].[ModeloVehiculo] ([IdModelo], [Descripcion]) VALUES (520, N'323')
INSERT [dbo].[ModeloVehiculo] ([IdModelo], [Descripcion]) VALUES (521, N'Mx3')
INSERT [dbo].[ModeloVehiculo] ([IdModelo], [Descripcion]) VALUES (522, N'Rx7')
INSERT [dbo].[ModeloVehiculo] ([IdModelo], [Descripcion]) VALUES (523, N'Mx5')
INSERT [dbo].[ModeloVehiculo] ([IdModelo], [Descripcion]) VALUES (524, N'Mazda3')
INSERT [dbo].[ModeloVehiculo] ([IdModelo], [Descripcion]) VALUES (525, N'Mpv')
INSERT [dbo].[ModeloVehiculo] ([IdModelo], [Descripcion]) VALUES (526, N'Demio')
INSERT [dbo].[ModeloVehiculo] ([IdModelo], [Descripcion]) VALUES (527, N'Premacy')
INSERT [dbo].[ModeloVehiculo] ([IdModelo], [Descripcion]) VALUES (528, N'Tribute')
INSERT [dbo].[ModeloVehiculo] ([IdModelo], [Descripcion]) VALUES (529, N'Mazda6')
INSERT [dbo].[ModeloVehiculo] ([IdModelo], [Descripcion]) VALUES (530, N'Mazda2')
INSERT [dbo].[ModeloVehiculo] ([IdModelo], [Descripcion]) VALUES (531, N'Rx8')
INSERT [dbo].[ModeloVehiculo] ([IdModelo], [Descripcion]) VALUES (532, N'Mazda5')
INSERT [dbo].[ModeloVehiculo] ([IdModelo], [Descripcion]) VALUES (533, N'Cx7')
INSERT [dbo].[ModeloVehiculo] ([IdModelo], [Descripcion]) VALUES (534, N'Serie B')
INSERT [dbo].[ModeloVehiculo] ([IdModelo], [Descripcion]) VALUES (535, N'B2500')
INSERT [dbo].[ModeloVehiculo] ([IdModelo], [Descripcion]) VALUES (536, N'Bt50')
INSERT [dbo].[ModeloVehiculo] ([IdModelo], [Descripcion]) VALUES (537, N'Mx6')
INSERT [dbo].[ModeloVehiculo] ([IdModelo], [Descripcion]) VALUES (538, N'929')
INSERT [dbo].[ModeloVehiculo] ([IdModelo], [Descripcion]) VALUES (539, N'Cx5')
INSERT [dbo].[ModeloVehiculo] ([IdModelo], [Descripcion]) VALUES (540, N'Clase C')
INSERT [dbo].[ModeloVehiculo] ([IdModelo], [Descripcion]) VALUES (541, N'Clase E')
INSERT [dbo].[ModeloVehiculo] ([IdModelo], [Descripcion]) VALUES (542, N'Clase Sl')
INSERT [dbo].[ModeloVehiculo] ([IdModelo], [Descripcion]) VALUES (543, N'Clase S')
INSERT [dbo].[ModeloVehiculo] ([IdModelo], [Descripcion]) VALUES (544, N'Clase Cl')
INSERT [dbo].[ModeloVehiculo] ([IdModelo], [Descripcion]) VALUES (545, N'Clase G')
INSERT [dbo].[ModeloVehiculo] ([IdModelo], [Descripcion]) VALUES (546, N'Clase Slk')
INSERT [dbo].[ModeloVehiculo] ([IdModelo], [Descripcion]) VALUES (547, N'Clase V')
INSERT [dbo].[ModeloVehiculo] ([IdModelo], [Descripcion]) VALUES (548, N'Viano')
INSERT [dbo].[ModeloVehiculo] ([IdModelo], [Descripcion]) VALUES (549, N'Clase Clk')
INSERT [dbo].[ModeloVehiculo] ([IdModelo], [Descripcion]) VALUES (550, N'Clase A')
INSERT [dbo].[ModeloVehiculo] ([IdModelo], [Descripcion]) VALUES (551, N'Clase M')
INSERT [dbo].[ModeloVehiculo] ([IdModelo], [Descripcion]) VALUES (552, N'Vaneo')
INSERT [dbo].[ModeloVehiculo] ([IdModelo], [Descripcion]) VALUES (553, N'Slklasse')
INSERT [dbo].[ModeloVehiculo] ([IdModelo], [Descripcion]) VALUES (554, N'Slr Mclaren')
INSERT [dbo].[ModeloVehiculo] ([IdModelo], [Descripcion]) VALUES (555, N'Clase Cls')
INSERT [dbo].[ModeloVehiculo] ([IdModelo], [Descripcion]) VALUES (556, N'Clase R')
INSERT [dbo].[ModeloVehiculo] ([IdModelo], [Descripcion]) VALUES (557, N'Clase Gl')
INSERT [dbo].[ModeloVehiculo] ([IdModelo], [Descripcion]) VALUES (558, N'Clase B')
INSERT [dbo].[ModeloVehiculo] ([IdModelo], [Descripcion]) VALUES (559, N'100d')
INSERT [dbo].[ModeloVehiculo] ([IdModelo], [Descripcion]) VALUES (560, N'140d')
INSERT [dbo].[ModeloVehiculo] ([IdModelo], [Descripcion]) VALUES (561, N'180d')
INSERT [dbo].[ModeloVehiculo] ([IdModelo], [Descripcion]) VALUES (562, N'Sprinter')
INSERT [dbo].[ModeloVehiculo] ([IdModelo], [Descripcion]) VALUES (563, N'Vito')
INSERT [dbo].[ModeloVehiculo] ([IdModelo], [Descripcion]) VALUES (564, N'Transporter')
INSERT [dbo].[ModeloVehiculo] ([IdModelo], [Descripcion]) VALUES (565, N'280')
INSERT [dbo].[ModeloVehiculo] ([IdModelo], [Descripcion]) VALUES (566, N'220')
INSERT [dbo].[ModeloVehiculo] ([IdModelo], [Descripcion]) VALUES (567, N'200')
INSERT [dbo].[ModeloVehiculo] ([IdModelo], [Descripcion]) VALUES (568, N'190')
INSERT [dbo].[ModeloVehiculo] ([IdModelo], [Descripcion]) VALUES (569, N'600')
INSERT [dbo].[ModeloVehiculo] ([IdModelo], [Descripcion]) VALUES (570, N'400')
INSERT [dbo].[ModeloVehiculo] ([IdModelo], [Descripcion]) VALUES (571, N'Clase Sl R129')
INSERT [dbo].[ModeloVehiculo] ([IdModelo], [Descripcion]) VALUES (572, N'300')
INSERT [dbo].[ModeloVehiculo] ([IdModelo], [Descripcion]) VALUES (573, N'500')
INSERT [dbo].[ModeloVehiculo] ([IdModelo], [Descripcion]) VALUES (574, N'420')
INSERT [dbo].[ModeloVehiculo] ([IdModelo], [Descripcion]) VALUES (575, N'260')
INSERT [dbo].[ModeloVehiculo] ([IdModelo], [Descripcion]) VALUES (576, N'230')
INSERT [dbo].[ModeloVehiculo] ([IdModelo], [Descripcion]) VALUES (577, N'Clase Clc')
INSERT [dbo].[ModeloVehiculo] ([IdModelo], [Descripcion]) VALUES (578, N'Clase Glk')
INSERT [dbo].[ModeloVehiculo] ([IdModelo], [Descripcion]) VALUES (579, N'Sls Amg')
INSERT [dbo].[ModeloVehiculo] ([IdModelo], [Descripcion]) VALUES (580, N'Mgf')
INSERT [dbo].[ModeloVehiculo] ([IdModelo], [Descripcion]) VALUES (581, N'Tf')
INSERT [dbo].[ModeloVehiculo] ([IdModelo], [Descripcion]) VALUES (582, N'Zr')
INSERT [dbo].[ModeloVehiculo] ([IdModelo], [Descripcion]) VALUES (583, N'Zs')
INSERT [dbo].[ModeloVehiculo] ([IdModelo], [Descripcion]) VALUES (584, N'Zt')
INSERT [dbo].[ModeloVehiculo] ([IdModelo], [Descripcion]) VALUES (585, N'Ztt')
INSERT [dbo].[ModeloVehiculo] ([IdModelo], [Descripcion]) VALUES (586, N'Mini')
INSERT [dbo].[ModeloVehiculo] ([IdModelo], [Descripcion]) VALUES (587, N'Countryman')
INSERT [dbo].[ModeloVehiculo] ([IdModelo], [Descripcion]) VALUES (588, N'Paceman')
INSERT [dbo].[ModeloVehiculo] ([IdModelo], [Descripcion]) VALUES (589, N'Montero')
INSERT [dbo].[ModeloVehiculo] ([IdModelo], [Descripcion]) VALUES (590, N'Galant')
INSERT [dbo].[ModeloVehiculo] ([IdModelo], [Descripcion]) VALUES (591, N'Colt')
INSERT [dbo].[ModeloVehiculo] ([IdModelo], [Descripcion]) VALUES (592, N'Space Wagon')
INSERT [dbo].[ModeloVehiculo] ([IdModelo], [Descripcion]) VALUES (593, N'Space Runner')
INSERT [dbo].[ModeloVehiculo] ([IdModelo], [Descripcion]) VALUES (594, N'Space Gear')
INSERT [dbo].[ModeloVehiculo] ([IdModelo], [Descripcion]) VALUES (595, N'3000 Gt')
INSERT [dbo].[ModeloVehiculo] ([IdModelo], [Descripcion]) VALUES (596, N'Carisma')
INSERT [dbo].[ModeloVehiculo] ([IdModelo], [Descripcion]) VALUES (597, N'Eclipse')
INSERT [dbo].[ModeloVehiculo] ([IdModelo], [Descripcion]) VALUES (598, N'Space Star')
INSERT [dbo].[ModeloVehiculo] ([IdModelo], [Descripcion]) VALUES (599, N'Montero Sport')
INSERT [dbo].[ModeloVehiculo] ([IdModelo], [Descripcion]) VALUES (600, N'Montero Io')
GO
INSERT [dbo].[ModeloVehiculo] ([IdModelo], [Descripcion]) VALUES (601, N'Outlander')
INSERT [dbo].[ModeloVehiculo] ([IdModelo], [Descripcion]) VALUES (602, N'Lancer')
INSERT [dbo].[ModeloVehiculo] ([IdModelo], [Descripcion]) VALUES (603, N'Grandis')
INSERT [dbo].[ModeloVehiculo] ([IdModelo], [Descripcion]) VALUES (604, N'L200')
INSERT [dbo].[ModeloVehiculo] ([IdModelo], [Descripcion]) VALUES (605, N'Canter')
INSERT [dbo].[ModeloVehiculo] ([IdModelo], [Descripcion]) VALUES (606, N'300 Gt')
INSERT [dbo].[ModeloVehiculo] ([IdModelo], [Descripcion]) VALUES (607, N'Asx')
INSERT [dbo].[ModeloVehiculo] ([IdModelo], [Descripcion]) VALUES (608, N'Imiev')
INSERT [dbo].[ModeloVehiculo] ([IdModelo], [Descripcion]) VALUES (609, N'44')
INSERT [dbo].[ModeloVehiculo] ([IdModelo], [Descripcion]) VALUES (610, N'Plus 8')
INSERT [dbo].[ModeloVehiculo] ([IdModelo], [Descripcion]) VALUES (611, N'Aero 8')
INSERT [dbo].[ModeloVehiculo] ([IdModelo], [Descripcion]) VALUES (612, N'V6')
INSERT [dbo].[ModeloVehiculo] ([IdModelo], [Descripcion]) VALUES (613, N'Roadster')
INSERT [dbo].[ModeloVehiculo] ([IdModelo], [Descripcion]) VALUES (614, N'4')
INSERT [dbo].[ModeloVehiculo] ([IdModelo], [Descripcion]) VALUES (615, N'Plus 4')
INSERT [dbo].[ModeloVehiculo] ([IdModelo], [Descripcion]) VALUES (616, N'Terrano Ii')
INSERT [dbo].[ModeloVehiculo] ([IdModelo], [Descripcion]) VALUES (617, N'Terrano')
INSERT [dbo].[ModeloVehiculo] ([IdModelo], [Descripcion]) VALUES (618, N'Micra')
INSERT [dbo].[ModeloVehiculo] ([IdModelo], [Descripcion]) VALUES (619, N'Sunny')
INSERT [dbo].[ModeloVehiculo] ([IdModelo], [Descripcion]) VALUES (620, N'Primera')
INSERT [dbo].[ModeloVehiculo] ([IdModelo], [Descripcion]) VALUES (621, N'Serena')
INSERT [dbo].[ModeloVehiculo] ([IdModelo], [Descripcion]) VALUES (622, N'Patrol')
INSERT [dbo].[ModeloVehiculo] ([IdModelo], [Descripcion]) VALUES (623, N'Maxima Qx')
INSERT [dbo].[ModeloVehiculo] ([IdModelo], [Descripcion]) VALUES (624, N'200 Sx')
INSERT [dbo].[ModeloVehiculo] ([IdModelo], [Descripcion]) VALUES (625, N'300 Zx')
INSERT [dbo].[ModeloVehiculo] ([IdModelo], [Descripcion]) VALUES (626, N'Patrol Gr')
INSERT [dbo].[ModeloVehiculo] ([IdModelo], [Descripcion]) VALUES (627, N'100 Nx')
INSERT [dbo].[ModeloVehiculo] ([IdModelo], [Descripcion]) VALUES (628, N'Almera')
INSERT [dbo].[ModeloVehiculo] ([IdModelo], [Descripcion]) VALUES (629, N'Pathfinder')
INSERT [dbo].[ModeloVehiculo] ([IdModelo], [Descripcion]) VALUES (630, N'Almera Tino')
INSERT [dbo].[ModeloVehiculo] ([IdModelo], [Descripcion]) VALUES (631, N'Xtrail')
INSERT [dbo].[ModeloVehiculo] ([IdModelo], [Descripcion]) VALUES (632, N'350z')
INSERT [dbo].[ModeloVehiculo] ([IdModelo], [Descripcion]) VALUES (633, N'Murano')
INSERT [dbo].[ModeloVehiculo] ([IdModelo], [Descripcion]) VALUES (634, N'Note')
INSERT [dbo].[ModeloVehiculo] ([IdModelo], [Descripcion]) VALUES (635, N'Qashqai')
INSERT [dbo].[ModeloVehiculo] ([IdModelo], [Descripcion]) VALUES (636, N'Tiida')
INSERT [dbo].[ModeloVehiculo] ([IdModelo], [Descripcion]) VALUES (637, N'Vanette')
INSERT [dbo].[ModeloVehiculo] ([IdModelo], [Descripcion]) VALUES (638, N'Trade')
INSERT [dbo].[ModeloVehiculo] ([IdModelo], [Descripcion]) VALUES (639, N'Vanette Cargo')
INSERT [dbo].[ModeloVehiculo] ([IdModelo], [Descripcion]) VALUES (640, N'Pickup')
INSERT [dbo].[ModeloVehiculo] ([IdModelo], [Descripcion]) VALUES (641, N'Navara')
INSERT [dbo].[ModeloVehiculo] ([IdModelo], [Descripcion]) VALUES (642, N'Cabstar E')
INSERT [dbo].[ModeloVehiculo] ([IdModelo], [Descripcion]) VALUES (643, N'Cabstar')
INSERT [dbo].[ModeloVehiculo] ([IdModelo], [Descripcion]) VALUES (644, N'Maxima')
INSERT [dbo].[ModeloVehiculo] ([IdModelo], [Descripcion]) VALUES (645, N'Camion')
INSERT [dbo].[ModeloVehiculo] ([IdModelo], [Descripcion]) VALUES (646, N'Prairie')
INSERT [dbo].[ModeloVehiculo] ([IdModelo], [Descripcion]) VALUES (647, N'Bluebird')
INSERT [dbo].[ModeloVehiculo] ([IdModelo], [Descripcion]) VALUES (648, N'Np300 Pick Up')
INSERT [dbo].[ModeloVehiculo] ([IdModelo], [Descripcion]) VALUES (649, N'Qashqai2')
INSERT [dbo].[ModeloVehiculo] ([IdModelo], [Descripcion]) VALUES (650, N'Pixo')
INSERT [dbo].[ModeloVehiculo] ([IdModelo], [Descripcion]) VALUES (651, N'Gtr')
INSERT [dbo].[ModeloVehiculo] ([IdModelo], [Descripcion]) VALUES (652, N'370z')
INSERT [dbo].[ModeloVehiculo] ([IdModelo], [Descripcion]) VALUES (653, N'Cube')
INSERT [dbo].[ModeloVehiculo] ([IdModelo], [Descripcion]) VALUES (654, N'Juke')
INSERT [dbo].[ModeloVehiculo] ([IdModelo], [Descripcion]) VALUES (655, N'Leaf')
INSERT [dbo].[ModeloVehiculo] ([IdModelo], [Descripcion]) VALUES (656, N'Evalia')
INSERT [dbo].[ModeloVehiculo] ([IdModelo], [Descripcion]) VALUES (657, N'Astra')
INSERT [dbo].[ModeloVehiculo] ([IdModelo], [Descripcion]) VALUES (658, N'Vectra')
INSERT [dbo].[ModeloVehiculo] ([IdModelo], [Descripcion]) VALUES (659, N'Calibra')
INSERT [dbo].[ModeloVehiculo] ([IdModelo], [Descripcion]) VALUES (660, N'Corsa')
INSERT [dbo].[ModeloVehiculo] ([IdModelo], [Descripcion]) VALUES (661, N'Omega')
INSERT [dbo].[ModeloVehiculo] ([IdModelo], [Descripcion]) VALUES (662, N'Frontera')
INSERT [dbo].[ModeloVehiculo] ([IdModelo], [Descripcion]) VALUES (663, N'Tigra')
INSERT [dbo].[ModeloVehiculo] ([IdModelo], [Descripcion]) VALUES (664, N'Monterey')
INSERT [dbo].[ModeloVehiculo] ([IdModelo], [Descripcion]) VALUES (665, N'Sintra')
INSERT [dbo].[ModeloVehiculo] ([IdModelo], [Descripcion]) VALUES (666, N'Zafira')
INSERT [dbo].[ModeloVehiculo] ([IdModelo], [Descripcion]) VALUES (667, N'Agila')
INSERT [dbo].[ModeloVehiculo] ([IdModelo], [Descripcion]) VALUES (668, N'Speedster')
INSERT [dbo].[ModeloVehiculo] ([IdModelo], [Descripcion]) VALUES (669, N'Signum')
INSERT [dbo].[ModeloVehiculo] ([IdModelo], [Descripcion]) VALUES (670, N'Meriva')
INSERT [dbo].[ModeloVehiculo] ([IdModelo], [Descripcion]) VALUES (671, N'Antara')
INSERT [dbo].[ModeloVehiculo] ([IdModelo], [Descripcion]) VALUES (672, N'Gt')
INSERT [dbo].[ModeloVehiculo] ([IdModelo], [Descripcion]) VALUES (673, N'Combo')
INSERT [dbo].[ModeloVehiculo] ([IdModelo], [Descripcion]) VALUES (674, N'Movano')
INSERT [dbo].[ModeloVehiculo] ([IdModelo], [Descripcion]) VALUES (675, N'Vivaro')
INSERT [dbo].[ModeloVehiculo] ([IdModelo], [Descripcion]) VALUES (676, N'Kadett')
INSERT [dbo].[ModeloVehiculo] ([IdModelo], [Descripcion]) VALUES (677, N'Monza')
INSERT [dbo].[ModeloVehiculo] ([IdModelo], [Descripcion]) VALUES (678, N'Senator')
INSERT [dbo].[ModeloVehiculo] ([IdModelo], [Descripcion]) VALUES (679, N'Rekord')
INSERT [dbo].[ModeloVehiculo] ([IdModelo], [Descripcion]) VALUES (680, N'Manta')
INSERT [dbo].[ModeloVehiculo] ([IdModelo], [Descripcion]) VALUES (681, N'Ascona')
INSERT [dbo].[ModeloVehiculo] ([IdModelo], [Descripcion]) VALUES (682, N'Insignia')
INSERT [dbo].[ModeloVehiculo] ([IdModelo], [Descripcion]) VALUES (683, N'Zafira Tourer')
INSERT [dbo].[ModeloVehiculo] ([IdModelo], [Descripcion]) VALUES (684, N'Ampera')
INSERT [dbo].[ModeloVehiculo] ([IdModelo], [Descripcion]) VALUES (685, N'Mokka')
INSERT [dbo].[ModeloVehiculo] ([IdModelo], [Descripcion]) VALUES (686, N'Adam')
INSERT [dbo].[ModeloVehiculo] ([IdModelo], [Descripcion]) VALUES (687, N'306')
INSERT [dbo].[ModeloVehiculo] ([IdModelo], [Descripcion]) VALUES (688, N'605')
INSERT [dbo].[ModeloVehiculo] ([IdModelo], [Descripcion]) VALUES (689, N'106')
INSERT [dbo].[ModeloVehiculo] ([IdModelo], [Descripcion]) VALUES (690, N'205')
INSERT [dbo].[ModeloVehiculo] ([IdModelo], [Descripcion]) VALUES (691, N'405')
INSERT [dbo].[ModeloVehiculo] ([IdModelo], [Descripcion]) VALUES (692, N'406')
INSERT [dbo].[ModeloVehiculo] ([IdModelo], [Descripcion]) VALUES (693, N'806')
INSERT [dbo].[ModeloVehiculo] ([IdModelo], [Descripcion]) VALUES (694, N'807')
INSERT [dbo].[ModeloVehiculo] ([IdModelo], [Descripcion]) VALUES (695, N'407')
INSERT [dbo].[ModeloVehiculo] ([IdModelo], [Descripcion]) VALUES (696, N'307')
INSERT [dbo].[ModeloVehiculo] ([IdModelo], [Descripcion]) VALUES (697, N'206')
INSERT [dbo].[ModeloVehiculo] ([IdModelo], [Descripcion]) VALUES (698, N'607')
INSERT [dbo].[ModeloVehiculo] ([IdModelo], [Descripcion]) VALUES (699, N'308')
INSERT [dbo].[ModeloVehiculo] ([IdModelo], [Descripcion]) VALUES (700, N'307 Sw')
GO
INSERT [dbo].[ModeloVehiculo] ([IdModelo], [Descripcion]) VALUES (701, N'206 Sw')
INSERT [dbo].[ModeloVehiculo] ([IdModelo], [Descripcion]) VALUES (702, N'407 Sw')
INSERT [dbo].[ModeloVehiculo] ([IdModelo], [Descripcion]) VALUES (703, N'1007')
INSERT [dbo].[ModeloVehiculo] ([IdModelo], [Descripcion]) VALUES (704, N'107')
INSERT [dbo].[ModeloVehiculo] ([IdModelo], [Descripcion]) VALUES (705, N'207')
INSERT [dbo].[ModeloVehiculo] ([IdModelo], [Descripcion]) VALUES (706, N'4007')
INSERT [dbo].[ModeloVehiculo] ([IdModelo], [Descripcion]) VALUES (707, N'Boxer')
INSERT [dbo].[ModeloVehiculo] ([IdModelo], [Descripcion]) VALUES (708, N'Partner')
INSERT [dbo].[ModeloVehiculo] ([IdModelo], [Descripcion]) VALUES (709, N'J5')
INSERT [dbo].[ModeloVehiculo] ([IdModelo], [Descripcion]) VALUES (710, N'604')
INSERT [dbo].[ModeloVehiculo] ([IdModelo], [Descripcion]) VALUES (711, N'505')
INSERT [dbo].[ModeloVehiculo] ([IdModelo], [Descripcion]) VALUES (712, N'309')
INSERT [dbo].[ModeloVehiculo] ([IdModelo], [Descripcion]) VALUES (713, N'Bipper')
INSERT [dbo].[ModeloVehiculo] ([IdModelo], [Descripcion]) VALUES (714, N'Partner Origin')
INSERT [dbo].[ModeloVehiculo] ([IdModelo], [Descripcion]) VALUES (715, N'3008')
INSERT [dbo].[ModeloVehiculo] ([IdModelo], [Descripcion]) VALUES (716, N'5008')
INSERT [dbo].[ModeloVehiculo] ([IdModelo], [Descripcion]) VALUES (717, N'Rcz')
INSERT [dbo].[ModeloVehiculo] ([IdModelo], [Descripcion]) VALUES (718, N'508')
INSERT [dbo].[ModeloVehiculo] ([IdModelo], [Descripcion]) VALUES (719, N'Ion')
INSERT [dbo].[ModeloVehiculo] ([IdModelo], [Descripcion]) VALUES (720, N'208')
INSERT [dbo].[ModeloVehiculo] ([IdModelo], [Descripcion]) VALUES (721, N'4008')
INSERT [dbo].[ModeloVehiculo] ([IdModelo], [Descripcion]) VALUES (722, N'Trans Sport')
INSERT [dbo].[ModeloVehiculo] ([IdModelo], [Descripcion]) VALUES (723, N'Firebird')
INSERT [dbo].[ModeloVehiculo] ([IdModelo], [Descripcion]) VALUES (724, N'Trans Am')
INSERT [dbo].[ModeloVehiculo] ([IdModelo], [Descripcion]) VALUES (725, N'911')
INSERT [dbo].[ModeloVehiculo] ([IdModelo], [Descripcion]) VALUES (726, N'Boxster')
INSERT [dbo].[ModeloVehiculo] ([IdModelo], [Descripcion]) VALUES (727, N'Cayenne')
INSERT [dbo].[ModeloVehiculo] ([IdModelo], [Descripcion]) VALUES (728, N'Carrera Gt')
INSERT [dbo].[ModeloVehiculo] ([IdModelo], [Descripcion]) VALUES (729, N'Cayman')
INSERT [dbo].[ModeloVehiculo] ([IdModelo], [Descripcion]) VALUES (730, N'928')
INSERT [dbo].[ModeloVehiculo] ([IdModelo], [Descripcion]) VALUES (731, N'968')
INSERT [dbo].[ModeloVehiculo] ([IdModelo], [Descripcion]) VALUES (732, N'944')
INSERT [dbo].[ModeloVehiculo] ([IdModelo], [Descripcion]) VALUES (733, N'924')
INSERT [dbo].[ModeloVehiculo] ([IdModelo], [Descripcion]) VALUES (734, N'Panamera')
INSERT [dbo].[ModeloVehiculo] ([IdModelo], [Descripcion]) VALUES (735, N'918')
INSERT [dbo].[ModeloVehiculo] ([IdModelo], [Descripcion]) VALUES (736, N'Megane')
INSERT [dbo].[ModeloVehiculo] ([IdModelo], [Descripcion]) VALUES (737, N'Safrane')
INSERT [dbo].[ModeloVehiculo] ([IdModelo], [Descripcion]) VALUES (738, N'Laguna')
INSERT [dbo].[ModeloVehiculo] ([IdModelo], [Descripcion]) VALUES (739, N'Clio')
INSERT [dbo].[ModeloVehiculo] ([IdModelo], [Descripcion]) VALUES (740, N'Twingo')
INSERT [dbo].[ModeloVehiculo] ([IdModelo], [Descripcion]) VALUES (741, N'Nevada')
INSERT [dbo].[ModeloVehiculo] ([IdModelo], [Descripcion]) VALUES (742, N'Espace')
INSERT [dbo].[ModeloVehiculo] ([IdModelo], [Descripcion]) VALUES (743, N'Spider')
INSERT [dbo].[ModeloVehiculo] ([IdModelo], [Descripcion]) VALUES (744, N'Scenic')
INSERT [dbo].[ModeloVehiculo] ([IdModelo], [Descripcion]) VALUES (745, N'Grand Espace')
INSERT [dbo].[ModeloVehiculo] ([IdModelo], [Descripcion]) VALUES (746, N'Avantime')
INSERT [dbo].[ModeloVehiculo] ([IdModelo], [Descripcion]) VALUES (747, N'Vel Satis')
INSERT [dbo].[ModeloVehiculo] ([IdModelo], [Descripcion]) VALUES (748, N'Grand Scenic')
INSERT [dbo].[ModeloVehiculo] ([IdModelo], [Descripcion]) VALUES (749, N'Clio Campus')
INSERT [dbo].[ModeloVehiculo] ([IdModelo], [Descripcion]) VALUES (750, N'Modus')
INSERT [dbo].[ModeloVehiculo] ([IdModelo], [Descripcion]) VALUES (751, N'Express')
INSERT [dbo].[ModeloVehiculo] ([IdModelo], [Descripcion]) VALUES (752, N'Trafic')
INSERT [dbo].[ModeloVehiculo] ([IdModelo], [Descripcion]) VALUES (753, N'Master')
INSERT [dbo].[ModeloVehiculo] ([IdModelo], [Descripcion]) VALUES (754, N'Kangoo')
INSERT [dbo].[ModeloVehiculo] ([IdModelo], [Descripcion]) VALUES (755, N'Mascott')
INSERT [dbo].[ModeloVehiculo] ([IdModelo], [Descripcion]) VALUES (756, N'Master Propulsion')
INSERT [dbo].[ModeloVehiculo] ([IdModelo], [Descripcion]) VALUES (757, N'Maxity')
INSERT [dbo].[ModeloVehiculo] ([IdModelo], [Descripcion]) VALUES (758, N'R19')
INSERT [dbo].[ModeloVehiculo] ([IdModelo], [Descripcion]) VALUES (759, N'R25')
INSERT [dbo].[ModeloVehiculo] ([IdModelo], [Descripcion]) VALUES (760, N'R5')
INSERT [dbo].[ModeloVehiculo] ([IdModelo], [Descripcion]) VALUES (761, N'R21')
INSERT [dbo].[ModeloVehiculo] ([IdModelo], [Descripcion]) VALUES (762, N'R4')
INSERT [dbo].[ModeloVehiculo] ([IdModelo], [Descripcion]) VALUES (763, N'Alpine')
INSERT [dbo].[ModeloVehiculo] ([IdModelo], [Descripcion]) VALUES (764, N'Fuego')
INSERT [dbo].[ModeloVehiculo] ([IdModelo], [Descripcion]) VALUES (765, N'R18')
INSERT [dbo].[ModeloVehiculo] ([IdModelo], [Descripcion]) VALUES (766, N'R11')
INSERT [dbo].[ModeloVehiculo] ([IdModelo], [Descripcion]) VALUES (767, N'R9')
INSERT [dbo].[ModeloVehiculo] ([IdModelo], [Descripcion]) VALUES (768, N'R6')
INSERT [dbo].[ModeloVehiculo] ([IdModelo], [Descripcion]) VALUES (769, N'Grand Modus')
INSERT [dbo].[ModeloVehiculo] ([IdModelo], [Descripcion]) VALUES (770, N'Kangoo Combi')
INSERT [dbo].[ModeloVehiculo] ([IdModelo], [Descripcion]) VALUES (771, N'Koleos')
INSERT [dbo].[ModeloVehiculo] ([IdModelo], [Descripcion]) VALUES (772, N'Fluence')
INSERT [dbo].[ModeloVehiculo] ([IdModelo], [Descripcion]) VALUES (773, N'Wind')
INSERT [dbo].[ModeloVehiculo] ([IdModelo], [Descripcion]) VALUES (774, N'Latitude')
INSERT [dbo].[ModeloVehiculo] ([IdModelo], [Descripcion]) VALUES (775, N'Grand Kangoo Combi')
INSERT [dbo].[ModeloVehiculo] ([IdModelo], [Descripcion]) VALUES (776, N'Siver Dawn')
INSERT [dbo].[ModeloVehiculo] ([IdModelo], [Descripcion]) VALUES (777, N'Silver Spur')
INSERT [dbo].[ModeloVehiculo] ([IdModelo], [Descripcion]) VALUES (778, N'Park Ward')
INSERT [dbo].[ModeloVehiculo] ([IdModelo], [Descripcion]) VALUES (779, N'Silver Seraph')
INSERT [dbo].[ModeloVehiculo] ([IdModelo], [Descripcion]) VALUES (780, N'Corniche')
INSERT [dbo].[ModeloVehiculo] ([IdModelo], [Descripcion]) VALUES (781, N'Phantom')
INSERT [dbo].[ModeloVehiculo] ([IdModelo], [Descripcion]) VALUES (782, N'Touring')
INSERT [dbo].[ModeloVehiculo] ([IdModelo], [Descripcion]) VALUES (783, N'Silvier')
INSERT [dbo].[ModeloVehiculo] ([IdModelo], [Descripcion]) VALUES (784, N'800')
INSERT [dbo].[ModeloVehiculo] ([IdModelo], [Descripcion]) VALUES (785, N'600')
INSERT [dbo].[ModeloVehiculo] ([IdModelo], [Descripcion]) VALUES (786, N'100')
INSERT [dbo].[ModeloVehiculo] ([IdModelo], [Descripcion]) VALUES (787, N'200')
INSERT [dbo].[ModeloVehiculo] ([IdModelo], [Descripcion]) VALUES (788, N'Coupe')
INSERT [dbo].[ModeloVehiculo] ([IdModelo], [Descripcion]) VALUES (789, N'400')
INSERT [dbo].[ModeloVehiculo] ([IdModelo], [Descripcion]) VALUES (790, N'45')
INSERT [dbo].[ModeloVehiculo] ([IdModelo], [Descripcion]) VALUES (791, N'Cabriolet')
INSERT [dbo].[ModeloVehiculo] ([IdModelo], [Descripcion]) VALUES (792, N'25')
INSERT [dbo].[ModeloVehiculo] ([IdModelo], [Descripcion]) VALUES (793, N'Mini')
INSERT [dbo].[ModeloVehiculo] ([IdModelo], [Descripcion]) VALUES (794, N'75')
INSERT [dbo].[ModeloVehiculo] ([IdModelo], [Descripcion]) VALUES (795, N'Streetwise')
INSERT [dbo].[ModeloVehiculo] ([IdModelo], [Descripcion]) VALUES (796, N'Sd')
INSERT [dbo].[ModeloVehiculo] ([IdModelo], [Descripcion]) VALUES (797, N'900')
INSERT [dbo].[ModeloVehiculo] ([IdModelo], [Descripcion]) VALUES (798, N'93')
INSERT [dbo].[ModeloVehiculo] ([IdModelo], [Descripcion]) VALUES (799, N'9000')
INSERT [dbo].[ModeloVehiculo] ([IdModelo], [Descripcion]) VALUES (800, N'95')
GO
INSERT [dbo].[ModeloVehiculo] ([IdModelo], [Descripcion]) VALUES (801, N'93x')
INSERT [dbo].[ModeloVehiculo] ([IdModelo], [Descripcion]) VALUES (802, N'94x')
INSERT [dbo].[ModeloVehiculo] ([IdModelo], [Descripcion]) VALUES (803, N'300')
INSERT [dbo].[ModeloVehiculo] ([IdModelo], [Descripcion]) VALUES (804, N'350')
INSERT [dbo].[ModeloVehiculo] ([IdModelo], [Descripcion]) VALUES (805, N'Anibal')
INSERT [dbo].[ModeloVehiculo] ([IdModelo], [Descripcion]) VALUES (806, N'Anibal Pick Up')
INSERT [dbo].[ModeloVehiculo] ([IdModelo], [Descripcion]) VALUES (807, N'Ibiza')
INSERT [dbo].[ModeloVehiculo] ([IdModelo], [Descripcion]) VALUES (808, N'Cordoba')
INSERT [dbo].[ModeloVehiculo] ([IdModelo], [Descripcion]) VALUES (809, N'Toledo')
INSERT [dbo].[ModeloVehiculo] ([IdModelo], [Descripcion]) VALUES (810, N'Marbella')
INSERT [dbo].[ModeloVehiculo] ([IdModelo], [Descripcion]) VALUES (811, N'Alhambra')
INSERT [dbo].[ModeloVehiculo] ([IdModelo], [Descripcion]) VALUES (812, N'Arosa')
INSERT [dbo].[ModeloVehiculo] ([IdModelo], [Descripcion]) VALUES (813, N'Leon')
INSERT [dbo].[ModeloVehiculo] ([IdModelo], [Descripcion]) VALUES (814, N'Altea')
INSERT [dbo].[ModeloVehiculo] ([IdModelo], [Descripcion]) VALUES (815, N'Altea Xl')
INSERT [dbo].[ModeloVehiculo] ([IdModelo], [Descripcion]) VALUES (816, N'Altea Freetrack')
INSERT [dbo].[ModeloVehiculo] ([IdModelo], [Descripcion]) VALUES (817, N'Terra')
INSERT [dbo].[ModeloVehiculo] ([IdModelo], [Descripcion]) VALUES (818, N'Inca')
INSERT [dbo].[ModeloVehiculo] ([IdModelo], [Descripcion]) VALUES (819, N'Malaga')
INSERT [dbo].[ModeloVehiculo] ([IdModelo], [Descripcion]) VALUES (820, N'Ronda')
INSERT [dbo].[ModeloVehiculo] ([IdModelo], [Descripcion]) VALUES (821, N'Exeo')
INSERT [dbo].[ModeloVehiculo] ([IdModelo], [Descripcion]) VALUES (822, N'Mii')
INSERT [dbo].[ModeloVehiculo] ([IdModelo], [Descripcion]) VALUES (823, N'Felicia')
INSERT [dbo].[ModeloVehiculo] ([IdModelo], [Descripcion]) VALUES (824, N'Forman')
INSERT [dbo].[ModeloVehiculo] ([IdModelo], [Descripcion]) VALUES (825, N'Octavia')
INSERT [dbo].[ModeloVehiculo] ([IdModelo], [Descripcion]) VALUES (826, N'Octavia Tour')
INSERT [dbo].[ModeloVehiculo] ([IdModelo], [Descripcion]) VALUES (827, N'Fabia')
INSERT [dbo].[ModeloVehiculo] ([IdModelo], [Descripcion]) VALUES (828, N'Superb')
INSERT [dbo].[ModeloVehiculo] ([IdModelo], [Descripcion]) VALUES (829, N'Roomster')
INSERT [dbo].[ModeloVehiculo] ([IdModelo], [Descripcion]) VALUES (830, N'Scout')
INSERT [dbo].[ModeloVehiculo] ([IdModelo], [Descripcion]) VALUES (831, N'Pickup')
INSERT [dbo].[ModeloVehiculo] ([IdModelo], [Descripcion]) VALUES (832, N'Favorit')
INSERT [dbo].[ModeloVehiculo] ([IdModelo], [Descripcion]) VALUES (833, N'130')
INSERT [dbo].[ModeloVehiculo] ([IdModelo], [Descripcion]) VALUES (834, N'S')
INSERT [dbo].[ModeloVehiculo] ([IdModelo], [Descripcion]) VALUES (835, N'Yeti')
INSERT [dbo].[ModeloVehiculo] ([IdModelo], [Descripcion]) VALUES (836, N'Citigo')
INSERT [dbo].[ModeloVehiculo] ([IdModelo], [Descripcion]) VALUES (837, N'Rapid')
INSERT [dbo].[ModeloVehiculo] ([IdModelo], [Descripcion]) VALUES (838, N'Smart')
INSERT [dbo].[ModeloVehiculo] ([IdModelo], [Descripcion]) VALUES (839, N'Citycoupe')
INSERT [dbo].[ModeloVehiculo] ([IdModelo], [Descripcion]) VALUES (840, N'Fortwo')
INSERT [dbo].[ModeloVehiculo] ([IdModelo], [Descripcion]) VALUES (841, N'Cabrio')
INSERT [dbo].[ModeloVehiculo] ([IdModelo], [Descripcion]) VALUES (842, N'Crossblade')
INSERT [dbo].[ModeloVehiculo] ([IdModelo], [Descripcion]) VALUES (843, N'Roadster')
INSERT [dbo].[ModeloVehiculo] ([IdModelo], [Descripcion]) VALUES (844, N'Forfour')
INSERT [dbo].[ModeloVehiculo] ([IdModelo], [Descripcion]) VALUES (845, N'Korando')
INSERT [dbo].[ModeloVehiculo] ([IdModelo], [Descripcion]) VALUES (846, N'Family')
INSERT [dbo].[ModeloVehiculo] ([IdModelo], [Descripcion]) VALUES (847, N'K4d')
INSERT [dbo].[ModeloVehiculo] ([IdModelo], [Descripcion]) VALUES (848, N'Musso')
INSERT [dbo].[ModeloVehiculo] ([IdModelo], [Descripcion]) VALUES (849, N'Korando Kj')
INSERT [dbo].[ModeloVehiculo] ([IdModelo], [Descripcion]) VALUES (850, N'Rexton')
INSERT [dbo].[ModeloVehiculo] ([IdModelo], [Descripcion]) VALUES (851, N'Rexton Ii')
INSERT [dbo].[ModeloVehiculo] ([IdModelo], [Descripcion]) VALUES (852, N'Rodius')
INSERT [dbo].[ModeloVehiculo] ([IdModelo], [Descripcion]) VALUES (853, N'Kyron')
INSERT [dbo].[ModeloVehiculo] ([IdModelo], [Descripcion]) VALUES (854, N'Actyon')
INSERT [dbo].[ModeloVehiculo] ([IdModelo], [Descripcion]) VALUES (855, N'Sports Pick Up')
INSERT [dbo].[ModeloVehiculo] ([IdModelo], [Descripcion]) VALUES (856, N'Actyon Sports Pick Up')
INSERT [dbo].[ModeloVehiculo] ([IdModelo], [Descripcion]) VALUES (857, N'Kodando')
INSERT [dbo].[ModeloVehiculo] ([IdModelo], [Descripcion]) VALUES (858, N'Legacy')
INSERT [dbo].[ModeloVehiculo] ([IdModelo], [Descripcion]) VALUES (859, N'Impreza')
INSERT [dbo].[ModeloVehiculo] ([IdModelo], [Descripcion]) VALUES (860, N'Svx')
INSERT [dbo].[ModeloVehiculo] ([IdModelo], [Descripcion]) VALUES (861, N'Justy')
INSERT [dbo].[ModeloVehiculo] ([IdModelo], [Descripcion]) VALUES (862, N'Outback')
INSERT [dbo].[ModeloVehiculo] ([IdModelo], [Descripcion]) VALUES (863, N'Forester')
INSERT [dbo].[ModeloVehiculo] ([IdModelo], [Descripcion]) VALUES (864, N'G3x Justy')
INSERT [dbo].[ModeloVehiculo] ([IdModelo], [Descripcion]) VALUES (865, N'B9 Tribeca')
INSERT [dbo].[ModeloVehiculo] ([IdModelo], [Descripcion]) VALUES (866, N'Xt')
INSERT [dbo].[ModeloVehiculo] ([IdModelo], [Descripcion]) VALUES (867, N'1800')
INSERT [dbo].[ModeloVehiculo] ([IdModelo], [Descripcion]) VALUES (868, N'Tribeca')
INSERT [dbo].[ModeloVehiculo] ([IdModelo], [Descripcion]) VALUES (869, N'Wrx Sti')
INSERT [dbo].[ModeloVehiculo] ([IdModelo], [Descripcion]) VALUES (870, N'Trezia')
INSERT [dbo].[ModeloVehiculo] ([IdModelo], [Descripcion]) VALUES (871, N'Xv')
INSERT [dbo].[ModeloVehiculo] ([IdModelo], [Descripcion]) VALUES (872, N'Brz')
INSERT [dbo].[ModeloVehiculo] ([IdModelo], [Descripcion]) VALUES (873, N'Maruti')
INSERT [dbo].[ModeloVehiculo] ([IdModelo], [Descripcion]) VALUES (874, N'Swift')
INSERT [dbo].[ModeloVehiculo] ([IdModelo], [Descripcion]) VALUES (875, N'Vitara')
INSERT [dbo].[ModeloVehiculo] ([IdModelo], [Descripcion]) VALUES (876, N'Baleno')
INSERT [dbo].[ModeloVehiculo] ([IdModelo], [Descripcion]) VALUES (877, N'Samurai')
INSERT [dbo].[ModeloVehiculo] ([IdModelo], [Descripcion]) VALUES (878, N'Alto')
INSERT [dbo].[ModeloVehiculo] ([IdModelo], [Descripcion]) VALUES (879, N'Wagon R')
INSERT [dbo].[ModeloVehiculo] ([IdModelo], [Descripcion]) VALUES (880, N'Jimny')
INSERT [dbo].[ModeloVehiculo] ([IdModelo], [Descripcion]) VALUES (881, N'Grand Vitara')
INSERT [dbo].[ModeloVehiculo] ([IdModelo], [Descripcion]) VALUES (882, N'Ignis')
INSERT [dbo].[ModeloVehiculo] ([IdModelo], [Descripcion]) VALUES (883, N'Liana')
INSERT [dbo].[ModeloVehiculo] ([IdModelo], [Descripcion]) VALUES (884, N'Grand Vitara Xl7')
INSERT [dbo].[ModeloVehiculo] ([IdModelo], [Descripcion]) VALUES (885, N'Sx4')
INSERT [dbo].[ModeloVehiculo] ([IdModelo], [Descripcion]) VALUES (886, N'Splash')
INSERT [dbo].[ModeloVehiculo] ([IdModelo], [Descripcion]) VALUES (887, N'Kizashi')
INSERT [dbo].[ModeloVehiculo] ([IdModelo], [Descripcion]) VALUES (888, N'Samba')
INSERT [dbo].[ModeloVehiculo] ([IdModelo], [Descripcion]) VALUES (889, N'Tagora')
INSERT [dbo].[ModeloVehiculo] ([IdModelo], [Descripcion]) VALUES (890, N'Solara')
INSERT [dbo].[ModeloVehiculo] ([IdModelo], [Descripcion]) VALUES (891, N'Horizon')
INSERT [dbo].[ModeloVehiculo] ([IdModelo], [Descripcion]) VALUES (892, N'Telcosport')
INSERT [dbo].[ModeloVehiculo] ([IdModelo], [Descripcion]) VALUES (893, N'Telco')
INSERT [dbo].[ModeloVehiculo] ([IdModelo], [Descripcion]) VALUES (894, N'Sumo')
INSERT [dbo].[ModeloVehiculo] ([IdModelo], [Descripcion]) VALUES (895, N'Safari')
INSERT [dbo].[ModeloVehiculo] ([IdModelo], [Descripcion]) VALUES (896, N'Indica')
INSERT [dbo].[ModeloVehiculo] ([IdModelo], [Descripcion]) VALUES (897, N'Indigo')
INSERT [dbo].[ModeloVehiculo] ([IdModelo], [Descripcion]) VALUES (898, N'Grand Safari')
INSERT [dbo].[ModeloVehiculo] ([IdModelo], [Descripcion]) VALUES (899, N'Tl Pick Up')
INSERT [dbo].[ModeloVehiculo] ([IdModelo], [Descripcion]) VALUES (900, N'Xenon Pick Up')
GO
INSERT [dbo].[ModeloVehiculo] ([IdModelo], [Descripcion]) VALUES (901, N'Vista')
INSERT [dbo].[ModeloVehiculo] ([IdModelo], [Descripcion]) VALUES (902, N'Xenon')
INSERT [dbo].[ModeloVehiculo] ([IdModelo], [Descripcion]) VALUES (903, N'Aria')
INSERT [dbo].[ModeloVehiculo] ([IdModelo], [Descripcion]) VALUES (904, N'Carina E')
INSERT [dbo].[ModeloVehiculo] ([IdModelo], [Descripcion]) VALUES (905, N'4runner')
INSERT [dbo].[ModeloVehiculo] ([IdModelo], [Descripcion]) VALUES (906, N'Camry')
INSERT [dbo].[ModeloVehiculo] ([IdModelo], [Descripcion]) VALUES (907, N'Rav4')
INSERT [dbo].[ModeloVehiculo] ([IdModelo], [Descripcion]) VALUES (908, N'Celica')
INSERT [dbo].[ModeloVehiculo] ([IdModelo], [Descripcion]) VALUES (909, N'Supra')
INSERT [dbo].[ModeloVehiculo] ([IdModelo], [Descripcion]) VALUES (910, N'Paseo')
INSERT [dbo].[ModeloVehiculo] ([IdModelo], [Descripcion]) VALUES (911, N'Land Cruiser 80')
INSERT [dbo].[ModeloVehiculo] ([IdModelo], [Descripcion]) VALUES (912, N'Land Cruiser 100')
INSERT [dbo].[ModeloVehiculo] ([IdModelo], [Descripcion]) VALUES (913, N'Land Cruiser')
INSERT [dbo].[ModeloVehiculo] ([IdModelo], [Descripcion]) VALUES (914, N'Land Cruiser 90')
INSERT [dbo].[ModeloVehiculo] ([IdModelo], [Descripcion]) VALUES (915, N'Corolla')
INSERT [dbo].[ModeloVehiculo] ([IdModelo], [Descripcion]) VALUES (916, N'Auris')
INSERT [dbo].[ModeloVehiculo] ([IdModelo], [Descripcion]) VALUES (917, N'Avensis')
INSERT [dbo].[ModeloVehiculo] ([IdModelo], [Descripcion]) VALUES (918, N'Picnic')
INSERT [dbo].[ModeloVehiculo] ([IdModelo], [Descripcion]) VALUES (919, N'Yaris')
INSERT [dbo].[ModeloVehiculo] ([IdModelo], [Descripcion]) VALUES (920, N'Yaris Verso')
INSERT [dbo].[ModeloVehiculo] ([IdModelo], [Descripcion]) VALUES (921, N'Mr2')
INSERT [dbo].[ModeloVehiculo] ([IdModelo], [Descripcion]) VALUES (922, N'Previa')
INSERT [dbo].[ModeloVehiculo] ([IdModelo], [Descripcion]) VALUES (923, N'Prius')
INSERT [dbo].[ModeloVehiculo] ([IdModelo], [Descripcion]) VALUES (924, N'Avensis Verso')
INSERT [dbo].[ModeloVehiculo] ([IdModelo], [Descripcion]) VALUES (925, N'Corolla Verso')
INSERT [dbo].[ModeloVehiculo] ([IdModelo], [Descripcion]) VALUES (926, N'Corolla Sedan')
INSERT [dbo].[ModeloVehiculo] ([IdModelo], [Descripcion]) VALUES (927, N'Aygo')
INSERT [dbo].[ModeloVehiculo] ([IdModelo], [Descripcion]) VALUES (928, N'Hilux')
INSERT [dbo].[ModeloVehiculo] ([IdModelo], [Descripcion]) VALUES (929, N'Dyna')
INSERT [dbo].[ModeloVehiculo] ([IdModelo], [Descripcion]) VALUES (930, N'Land Cruiser 200')
INSERT [dbo].[ModeloVehiculo] ([IdModelo], [Descripcion]) VALUES (931, N'Verso')
INSERT [dbo].[ModeloVehiculo] ([IdModelo], [Descripcion]) VALUES (932, N'Iq')
INSERT [dbo].[ModeloVehiculo] ([IdModelo], [Descripcion]) VALUES (933, N'Urban Cruiser')
INSERT [dbo].[ModeloVehiculo] ([IdModelo], [Descripcion]) VALUES (934, N'Gt86')
INSERT [dbo].[ModeloVehiculo] ([IdModelo], [Descripcion]) VALUES (935, N'100')
INSERT [dbo].[ModeloVehiculo] ([IdModelo], [Descripcion]) VALUES (936, N'121')
INSERT [dbo].[ModeloVehiculo] ([IdModelo], [Descripcion]) VALUES (937, N'214')
INSERT [dbo].[ModeloVehiculo] ([IdModelo], [Descripcion]) VALUES (938, N'110 Stawra')
INSERT [dbo].[ModeloVehiculo] ([IdModelo], [Descripcion]) VALUES (939, N'111 Stawra')
INSERT [dbo].[ModeloVehiculo] ([IdModelo], [Descripcion]) VALUES (940, N'215')
INSERT [dbo].[ModeloVehiculo] ([IdModelo], [Descripcion]) VALUES (941, N'112 Stawra')
INSERT [dbo].[ModeloVehiculo] ([IdModelo], [Descripcion]) VALUES (942, N'Passat')
INSERT [dbo].[ModeloVehiculo] ([IdModelo], [Descripcion]) VALUES (943, N'Golf')
INSERT [dbo].[ModeloVehiculo] ([IdModelo], [Descripcion]) VALUES (944, N'Vento')
INSERT [dbo].[ModeloVehiculo] ([IdModelo], [Descripcion]) VALUES (945, N'Polo')
INSERT [dbo].[ModeloVehiculo] ([IdModelo], [Descripcion]) VALUES (946, N'Corrado')
INSERT [dbo].[ModeloVehiculo] ([IdModelo], [Descripcion]) VALUES (947, N'Sharan')
INSERT [dbo].[ModeloVehiculo] ([IdModelo], [Descripcion]) VALUES (948, N'Lupo')
INSERT [dbo].[ModeloVehiculo] ([IdModelo], [Descripcion]) VALUES (949, N'Bora')
INSERT [dbo].[ModeloVehiculo] ([IdModelo], [Descripcion]) VALUES (950, N'Jetta')
INSERT [dbo].[ModeloVehiculo] ([IdModelo], [Descripcion]) VALUES (951, N'New Beetle')
INSERT [dbo].[ModeloVehiculo] ([IdModelo], [Descripcion]) VALUES (952, N'Phaeton')
INSERT [dbo].[ModeloVehiculo] ([IdModelo], [Descripcion]) VALUES (953, N'Touareg')
INSERT [dbo].[ModeloVehiculo] ([IdModelo], [Descripcion]) VALUES (954, N'Touran')
INSERT [dbo].[ModeloVehiculo] ([IdModelo], [Descripcion]) VALUES (955, N'Multivan')
INSERT [dbo].[ModeloVehiculo] ([IdModelo], [Descripcion]) VALUES (956, N'Caddy')
INSERT [dbo].[ModeloVehiculo] ([IdModelo], [Descripcion]) VALUES (957, N'Golf Plus')
INSERT [dbo].[ModeloVehiculo] ([IdModelo], [Descripcion]) VALUES (958, N'Fox')
INSERT [dbo].[ModeloVehiculo] ([IdModelo], [Descripcion]) VALUES (959, N'Eos')
INSERT [dbo].[ModeloVehiculo] ([IdModelo], [Descripcion]) VALUES (960, N'Caravelle')
INSERT [dbo].[ModeloVehiculo] ([IdModelo], [Descripcion]) VALUES (961, N'Tiguan')
INSERT [dbo].[ModeloVehiculo] ([IdModelo], [Descripcion]) VALUES (962, N'Transporter')
INSERT [dbo].[ModeloVehiculo] ([IdModelo], [Descripcion]) VALUES (963, N'Lt')
INSERT [dbo].[ModeloVehiculo] ([IdModelo], [Descripcion]) VALUES (964, N'Taro')
INSERT [dbo].[ModeloVehiculo] ([IdModelo], [Descripcion]) VALUES (965, N'Crafter')
INSERT [dbo].[ModeloVehiculo] ([IdModelo], [Descripcion]) VALUES (966, N'California')
INSERT [dbo].[ModeloVehiculo] ([IdModelo], [Descripcion]) VALUES (967, N'Santana')
INSERT [dbo].[ModeloVehiculo] ([IdModelo], [Descripcion]) VALUES (968, N'Scirocco')
INSERT [dbo].[ModeloVehiculo] ([IdModelo], [Descripcion]) VALUES (969, N'Passat Cc')
INSERT [dbo].[ModeloVehiculo] ([IdModelo], [Descripcion]) VALUES (970, N'Amarok')
INSERT [dbo].[ModeloVehiculo] ([IdModelo], [Descripcion]) VALUES (971, N'Beetle')
INSERT [dbo].[ModeloVehiculo] ([IdModelo], [Descripcion]) VALUES (972, N'Up')
INSERT [dbo].[ModeloVehiculo] ([IdModelo], [Descripcion]) VALUES (973, N'Cc')
INSERT [dbo].[ModeloVehiculo] ([IdModelo], [Descripcion]) VALUES (974, N'440')
INSERT [dbo].[ModeloVehiculo] ([IdModelo], [Descripcion]) VALUES (975, N'850')
INSERT [dbo].[ModeloVehiculo] ([IdModelo], [Descripcion]) VALUES (976, N'S70')
INSERT [dbo].[ModeloVehiculo] ([IdModelo], [Descripcion]) VALUES (977, N'V70')
INSERT [dbo].[ModeloVehiculo] ([IdModelo], [Descripcion]) VALUES (978, N'V70 Classic')
INSERT [dbo].[ModeloVehiculo] ([IdModelo], [Descripcion]) VALUES (979, N'940')
INSERT [dbo].[ModeloVehiculo] ([IdModelo], [Descripcion]) VALUES (980, N'480')
INSERT [dbo].[ModeloVehiculo] ([IdModelo], [Descripcion]) VALUES (981, N'460')
INSERT [dbo].[ModeloVehiculo] ([IdModelo], [Descripcion]) VALUES (982, N'960')
INSERT [dbo].[ModeloVehiculo] ([IdModelo], [Descripcion]) VALUES (983, N'S90')
INSERT [dbo].[ModeloVehiculo] ([IdModelo], [Descripcion]) VALUES (984, N'V90')
INSERT [dbo].[ModeloVehiculo] ([IdModelo], [Descripcion]) VALUES (985, N'Classic')
INSERT [dbo].[ModeloVehiculo] ([IdModelo], [Descripcion]) VALUES (986, N'S40')
INSERT [dbo].[ModeloVehiculo] ([IdModelo], [Descripcion]) VALUES (987, N'V40')
INSERT [dbo].[ModeloVehiculo] ([IdModelo], [Descripcion]) VALUES (988, N'V50')
INSERT [dbo].[ModeloVehiculo] ([IdModelo], [Descripcion]) VALUES (989, N'V70 Xc')
INSERT [dbo].[ModeloVehiculo] ([IdModelo], [Descripcion]) VALUES (990, N'Xc70')
INSERT [dbo].[ModeloVehiculo] ([IdModelo], [Descripcion]) VALUES (991, N'C70')
INSERT [dbo].[ModeloVehiculo] ([IdModelo], [Descripcion]) VALUES (992, N'S80')
INSERT [dbo].[ModeloVehiculo] ([IdModelo], [Descripcion]) VALUES (993, N'S60')
INSERT [dbo].[ModeloVehiculo] ([IdModelo], [Descripcion]) VALUES (994, N'Xc90')
INSERT [dbo].[ModeloVehiculo] ([IdModelo], [Descripcion]) VALUES (995, N'C30')
INSERT [dbo].[ModeloVehiculo] ([IdModelo], [Descripcion]) VALUES (996, N'780')
INSERT [dbo].[ModeloVehiculo] ([IdModelo], [Descripcion]) VALUES (997, N'760')
INSERT [dbo].[ModeloVehiculo] ([IdModelo], [Descripcion]) VALUES (998, N'740')
INSERT [dbo].[ModeloVehiculo] ([IdModelo], [Descripcion]) VALUES (999, N'240')
INSERT [dbo].[ModeloVehiculo] ([IdModelo], [Descripcion]) VALUES (1000, N'360')
GO
INSERT [dbo].[ModeloVehiculo] ([IdModelo], [Descripcion]) VALUES (1001, N'340')
INSERT [dbo].[ModeloVehiculo] ([IdModelo], [Descripcion]) VALUES (1002, N'Xc60')
INSERT [dbo].[ModeloVehiculo] ([IdModelo], [Descripcion]) VALUES (1003, N'V60')
INSERT [dbo].[ModeloVehiculo] ([IdModelo], [Descripcion]) VALUES (1004, N'V40 Cross Country')
INSERT [dbo].[ModeloVehiculo] ([IdModelo], [Descripcion]) VALUES (1005, N'353')
INSERT [dbo].[ModeloVehiculo] ([IdModelo], [Descripcion]) VALUES (1006, N'Mini')
INSERT [dbo].[ModeloVehiculo] ([IdModelo], [Descripcion]) VALUES (1007, N'Countryman')
INSERT [dbo].[ModeloVehiculo] ([IdModelo], [Descripcion]) VALUES (1008, N'Paceman')
INSERT [dbo].[Plan] ([IdPlan], [IdTipoContrato], [Nombre], [PrimaBase], [PolizaActual]) VALUES (N'HOG01', 10, N'Hogar Basico', 1.5, N'POL320113229')
INSERT [dbo].[Plan] ([IdPlan], [IdTipoContrato], [Nombre], [PrimaBase], [PolizaActual]) VALUES (N'HOG02', 10, N'Hogar Siniestro', 2.5, N'POL320648575')
INSERT [dbo].[Plan] ([IdPlan], [IdTipoContrato], [Nombre], [PrimaBase], [PolizaActual]) VALUES (N'HOG03', 10, N'Hogar Catastrofe', 3.5, N'POL320648575')
INSERT [dbo].[Plan] ([IdPlan], [IdTipoContrato], [Nombre], [PrimaBase], [PolizaActual]) VALUES (N'VEH01', 20, N'Vehículo Simple', 0.7, N'POL220113229')
INSERT [dbo].[Plan] ([IdPlan], [IdTipoContrato], [Nombre], [PrimaBase], [PolizaActual]) VALUES (N'VEH02', 20, N'Vehículo Asistencia', 1.5, N'POL220648575')
INSERT [dbo].[Plan] ([IdPlan], [IdTipoContrato], [Nombre], [PrimaBase], [PolizaActual]) VALUES (N'VEH03', 20, N'Vehículo Total', 1.7, N'POL225235079')
INSERT [dbo].[Plan] ([IdPlan], [IdTipoContrato], [Nombre], [PrimaBase], [PolizaActual]) VALUES (N'VID01', 10, N'Vida Inicial', 0.5, N'POL120113229')
INSERT [dbo].[Plan] ([IdPlan], [IdTipoContrato], [Nombre], [PrimaBase], [PolizaActual]) VALUES (N'VID02', 10, N'Vida Senior', 2, N'POL120100054')
INSERT [dbo].[Plan] ([IdPlan], [IdTipoContrato], [Nombre], [PrimaBase], [PolizaActual]) VALUES (N'VID03', 10, N'Vida Ahorro', 3.5, N'POL120500489')
INSERT [dbo].[Region] ([IdRegion], [NombreRegion]) VALUES (1, N'De Tarapacá')
INSERT [dbo].[Region] ([IdRegion], [NombreRegion]) VALUES (2, N'De Antofagasta')
INSERT [dbo].[Region] ([IdRegion], [NombreRegion]) VALUES (3, N'De Atacama')
INSERT [dbo].[Region] ([IdRegion], [NombreRegion]) VALUES (4, N'De Coquimbo')
INSERT [dbo].[Region] ([IdRegion], [NombreRegion]) VALUES (5, N'De Valparaíso')
INSERT [dbo].[Region] ([IdRegion], [NombreRegion]) VALUES (6, N'Del Libertador B. O''Higgins')
INSERT [dbo].[Region] ([IdRegion], [NombreRegion]) VALUES (7, N'Del Maule')
INSERT [dbo].[Region] ([IdRegion], [NombreRegion]) VALUES (8, N'Del Bíobío')
INSERT [dbo].[Region] ([IdRegion], [NombreRegion]) VALUES (9, N'De La Araucanía')
INSERT [dbo].[Region] ([IdRegion], [NombreRegion]) VALUES (10, N'De Los Lagos')
INSERT [dbo].[Region] ([IdRegion], [NombreRegion]) VALUES (11, N'De Aisén del Gral. C. Ibáñez del Campo')
INSERT [dbo].[Region] ([IdRegion], [NombreRegion]) VALUES (12, N'De Magallanes y de La Antártica Chilena')
INSERT [dbo].[Region] ([IdRegion], [NombreRegion]) VALUES (13, N'Metropolitana de Santiago')
INSERT [dbo].[Region] ([IdRegion], [NombreRegion]) VALUES (14, N'De Los Ríos')
INSERT [dbo].[Region] ([IdRegion], [NombreRegion]) VALUES (15, N'De Arica y Parinacota')
INSERT [dbo].[RegionComuna] ([IdRegion], [IdComuna]) VALUES (1, 1101)
INSERT [dbo].[RegionComuna] ([IdRegion], [IdComuna]) VALUES (1, 1107)
INSERT [dbo].[RegionComuna] ([IdRegion], [IdComuna]) VALUES (1, 1401)
INSERT [dbo].[RegionComuna] ([IdRegion], [IdComuna]) VALUES (1, 1402)
INSERT [dbo].[RegionComuna] ([IdRegion], [IdComuna]) VALUES (1, 1403)
INSERT [dbo].[RegionComuna] ([IdRegion], [IdComuna]) VALUES (1, 1404)
INSERT [dbo].[RegionComuna] ([IdRegion], [IdComuna]) VALUES (1, 1405)
INSERT [dbo].[RegionComuna] ([IdRegion], [IdComuna]) VALUES (2, 2101)
INSERT [dbo].[RegionComuna] ([IdRegion], [IdComuna]) VALUES (2, 2102)
INSERT [dbo].[RegionComuna] ([IdRegion], [IdComuna]) VALUES (2, 2103)
INSERT [dbo].[RegionComuna] ([IdRegion], [IdComuna]) VALUES (2, 2104)
INSERT [dbo].[RegionComuna] ([IdRegion], [IdComuna]) VALUES (2, 2201)
INSERT [dbo].[RegionComuna] ([IdRegion], [IdComuna]) VALUES (2, 2202)
INSERT [dbo].[RegionComuna] ([IdRegion], [IdComuna]) VALUES (2, 2203)
INSERT [dbo].[RegionComuna] ([IdRegion], [IdComuna]) VALUES (2, 2301)
INSERT [dbo].[RegionComuna] ([IdRegion], [IdComuna]) VALUES (2, 2302)
INSERT [dbo].[RegionComuna] ([IdRegion], [IdComuna]) VALUES (3, 3101)
INSERT [dbo].[RegionComuna] ([IdRegion], [IdComuna]) VALUES (3, 3102)
INSERT [dbo].[RegionComuna] ([IdRegion], [IdComuna]) VALUES (3, 3103)
INSERT [dbo].[RegionComuna] ([IdRegion], [IdComuna]) VALUES (3, 3201)
INSERT [dbo].[RegionComuna] ([IdRegion], [IdComuna]) VALUES (3, 3202)
INSERT [dbo].[RegionComuna] ([IdRegion], [IdComuna]) VALUES (3, 3301)
INSERT [dbo].[RegionComuna] ([IdRegion], [IdComuna]) VALUES (3, 3302)
INSERT [dbo].[RegionComuna] ([IdRegion], [IdComuna]) VALUES (3, 3303)
INSERT [dbo].[RegionComuna] ([IdRegion], [IdComuna]) VALUES (3, 3304)
INSERT [dbo].[RegionComuna] ([IdRegion], [IdComuna]) VALUES (4, 4101)
INSERT [dbo].[RegionComuna] ([IdRegion], [IdComuna]) VALUES (4, 4102)
INSERT [dbo].[RegionComuna] ([IdRegion], [IdComuna]) VALUES (4, 4103)
INSERT [dbo].[RegionComuna] ([IdRegion], [IdComuna]) VALUES (4, 4104)
INSERT [dbo].[RegionComuna] ([IdRegion], [IdComuna]) VALUES (4, 4105)
INSERT [dbo].[RegionComuna] ([IdRegion], [IdComuna]) VALUES (4, 4106)
INSERT [dbo].[RegionComuna] ([IdRegion], [IdComuna]) VALUES (4, 4201)
INSERT [dbo].[RegionComuna] ([IdRegion], [IdComuna]) VALUES (4, 4202)
INSERT [dbo].[RegionComuna] ([IdRegion], [IdComuna]) VALUES (4, 4203)
INSERT [dbo].[RegionComuna] ([IdRegion], [IdComuna]) VALUES (4, 4204)
INSERT [dbo].[RegionComuna] ([IdRegion], [IdComuna]) VALUES (4, 4301)
INSERT [dbo].[RegionComuna] ([IdRegion], [IdComuna]) VALUES (4, 4302)
INSERT [dbo].[RegionComuna] ([IdRegion], [IdComuna]) VALUES (4, 4303)
INSERT [dbo].[RegionComuna] ([IdRegion], [IdComuna]) VALUES (4, 4304)
INSERT [dbo].[RegionComuna] ([IdRegion], [IdComuna]) VALUES (4, 4305)
INSERT [dbo].[RegionComuna] ([IdRegion], [IdComuna]) VALUES (5, 5101)
INSERT [dbo].[RegionComuna] ([IdRegion], [IdComuna]) VALUES (5, 5102)
INSERT [dbo].[RegionComuna] ([IdRegion], [IdComuna]) VALUES (5, 5103)
INSERT [dbo].[RegionComuna] ([IdRegion], [IdComuna]) VALUES (5, 5104)
INSERT [dbo].[RegionComuna] ([IdRegion], [IdComuna]) VALUES (5, 5105)
INSERT [dbo].[RegionComuna] ([IdRegion], [IdComuna]) VALUES (5, 5107)
INSERT [dbo].[RegionComuna] ([IdRegion], [IdComuna]) VALUES (5, 5109)
INSERT [dbo].[RegionComuna] ([IdRegion], [IdComuna]) VALUES (5, 5201)
INSERT [dbo].[RegionComuna] ([IdRegion], [IdComuna]) VALUES (5, 5301)
INSERT [dbo].[RegionComuna] ([IdRegion], [IdComuna]) VALUES (5, 5302)
INSERT [dbo].[RegionComuna] ([IdRegion], [IdComuna]) VALUES (5, 5303)
INSERT [dbo].[RegionComuna] ([IdRegion], [IdComuna]) VALUES (5, 5304)
INSERT [dbo].[RegionComuna] ([IdRegion], [IdComuna]) VALUES (5, 5401)
INSERT [dbo].[RegionComuna] ([IdRegion], [IdComuna]) VALUES (5, 5402)
INSERT [dbo].[RegionComuna] ([IdRegion], [IdComuna]) VALUES (5, 5403)
INSERT [dbo].[RegionComuna] ([IdRegion], [IdComuna]) VALUES (5, 5404)
INSERT [dbo].[RegionComuna] ([IdRegion], [IdComuna]) VALUES (5, 5405)
INSERT [dbo].[RegionComuna] ([IdRegion], [IdComuna]) VALUES (5, 5501)
INSERT [dbo].[RegionComuna] ([IdRegion], [IdComuna]) VALUES (5, 5502)
INSERT [dbo].[RegionComuna] ([IdRegion], [IdComuna]) VALUES (5, 5503)
INSERT [dbo].[RegionComuna] ([IdRegion], [IdComuna]) VALUES (5, 5504)
INSERT [dbo].[RegionComuna] ([IdRegion], [IdComuna]) VALUES (5, 5506)
INSERT [dbo].[RegionComuna] ([IdRegion], [IdComuna]) VALUES (5, 5601)
INSERT [dbo].[RegionComuna] ([IdRegion], [IdComuna]) VALUES (5, 5602)
INSERT [dbo].[RegionComuna] ([IdRegion], [IdComuna]) VALUES (5, 5603)
INSERT [dbo].[RegionComuna] ([IdRegion], [IdComuna]) VALUES (5, 5604)
INSERT [dbo].[RegionComuna] ([IdRegion], [IdComuna]) VALUES (5, 5605)
INSERT [dbo].[RegionComuna] ([IdRegion], [IdComuna]) VALUES (5, 5606)
INSERT [dbo].[RegionComuna] ([IdRegion], [IdComuna]) VALUES (5, 5701)
INSERT [dbo].[RegionComuna] ([IdRegion], [IdComuna]) VALUES (5, 5702)
INSERT [dbo].[RegionComuna] ([IdRegion], [IdComuna]) VALUES (5, 5703)
INSERT [dbo].[RegionComuna] ([IdRegion], [IdComuna]) VALUES (5, 5704)
INSERT [dbo].[RegionComuna] ([IdRegion], [IdComuna]) VALUES (5, 5705)
INSERT [dbo].[RegionComuna] ([IdRegion], [IdComuna]) VALUES (5, 5706)
INSERT [dbo].[RegionComuna] ([IdRegion], [IdComuna]) VALUES (5, 5801)
INSERT [dbo].[RegionComuna] ([IdRegion], [IdComuna]) VALUES (5, 5802)
INSERT [dbo].[RegionComuna] ([IdRegion], [IdComuna]) VALUES (5, 5803)
INSERT [dbo].[RegionComuna] ([IdRegion], [IdComuna]) VALUES (5, 5804)
INSERT [dbo].[RegionComuna] ([IdRegion], [IdComuna]) VALUES (6, 6101)
INSERT [dbo].[RegionComuna] ([IdRegion], [IdComuna]) VALUES (6, 6102)
INSERT [dbo].[RegionComuna] ([IdRegion], [IdComuna]) VALUES (6, 6103)
INSERT [dbo].[RegionComuna] ([IdRegion], [IdComuna]) VALUES (6, 6104)
INSERT [dbo].[RegionComuna] ([IdRegion], [IdComuna]) VALUES (6, 6105)
INSERT [dbo].[RegionComuna] ([IdRegion], [IdComuna]) VALUES (6, 6106)
INSERT [dbo].[RegionComuna] ([IdRegion], [IdComuna]) VALUES (6, 6107)
INSERT [dbo].[RegionComuna] ([IdRegion], [IdComuna]) VALUES (6, 6108)
INSERT [dbo].[RegionComuna] ([IdRegion], [IdComuna]) VALUES (6, 6109)
INSERT [dbo].[RegionComuna] ([IdRegion], [IdComuna]) VALUES (6, 6110)
INSERT [dbo].[RegionComuna] ([IdRegion], [IdComuna]) VALUES (6, 6111)
INSERT [dbo].[RegionComuna] ([IdRegion], [IdComuna]) VALUES (6, 6112)
INSERT [dbo].[RegionComuna] ([IdRegion], [IdComuna]) VALUES (6, 6113)
INSERT [dbo].[RegionComuna] ([IdRegion], [IdComuna]) VALUES (6, 6114)
INSERT [dbo].[RegionComuna] ([IdRegion], [IdComuna]) VALUES (6, 6115)
INSERT [dbo].[RegionComuna] ([IdRegion], [IdComuna]) VALUES (6, 6116)
INSERT [dbo].[RegionComuna] ([IdRegion], [IdComuna]) VALUES (6, 6117)
INSERT [dbo].[RegionComuna] ([IdRegion], [IdComuna]) VALUES (6, 6201)
INSERT [dbo].[RegionComuna] ([IdRegion], [IdComuna]) VALUES (6, 6202)
INSERT [dbo].[RegionComuna] ([IdRegion], [IdComuna]) VALUES (6, 6203)
INSERT [dbo].[RegionComuna] ([IdRegion], [IdComuna]) VALUES (6, 6204)
INSERT [dbo].[RegionComuna] ([IdRegion], [IdComuna]) VALUES (6, 6205)
GO
INSERT [dbo].[RegionComuna] ([IdRegion], [IdComuna]) VALUES (6, 6206)
INSERT [dbo].[RegionComuna] ([IdRegion], [IdComuna]) VALUES (6, 6301)
INSERT [dbo].[RegionComuna] ([IdRegion], [IdComuna]) VALUES (6, 6302)
INSERT [dbo].[RegionComuna] ([IdRegion], [IdComuna]) VALUES (6, 6303)
INSERT [dbo].[RegionComuna] ([IdRegion], [IdComuna]) VALUES (6, 6304)
INSERT [dbo].[RegionComuna] ([IdRegion], [IdComuna]) VALUES (6, 6305)
INSERT [dbo].[RegionComuna] ([IdRegion], [IdComuna]) VALUES (6, 6306)
INSERT [dbo].[RegionComuna] ([IdRegion], [IdComuna]) VALUES (6, 6307)
INSERT [dbo].[RegionComuna] ([IdRegion], [IdComuna]) VALUES (6, 6308)
INSERT [dbo].[RegionComuna] ([IdRegion], [IdComuna]) VALUES (6, 6309)
INSERT [dbo].[RegionComuna] ([IdRegion], [IdComuna]) VALUES (6, 6310)
INSERT [dbo].[RegionComuna] ([IdRegion], [IdComuna]) VALUES (7, 7101)
INSERT [dbo].[RegionComuna] ([IdRegion], [IdComuna]) VALUES (7, 7102)
INSERT [dbo].[RegionComuna] ([IdRegion], [IdComuna]) VALUES (7, 7103)
INSERT [dbo].[RegionComuna] ([IdRegion], [IdComuna]) VALUES (7, 7104)
INSERT [dbo].[RegionComuna] ([IdRegion], [IdComuna]) VALUES (7, 7105)
INSERT [dbo].[RegionComuna] ([IdRegion], [IdComuna]) VALUES (7, 7106)
INSERT [dbo].[RegionComuna] ([IdRegion], [IdComuna]) VALUES (7, 7107)
INSERT [dbo].[RegionComuna] ([IdRegion], [IdComuna]) VALUES (7, 7108)
INSERT [dbo].[RegionComuna] ([IdRegion], [IdComuna]) VALUES (7, 7109)
INSERT [dbo].[RegionComuna] ([IdRegion], [IdComuna]) VALUES (7, 7110)
INSERT [dbo].[RegionComuna] ([IdRegion], [IdComuna]) VALUES (7, 7201)
INSERT [dbo].[RegionComuna] ([IdRegion], [IdComuna]) VALUES (7, 7202)
INSERT [dbo].[RegionComuna] ([IdRegion], [IdComuna]) VALUES (7, 7203)
INSERT [dbo].[RegionComuna] ([IdRegion], [IdComuna]) VALUES (7, 7301)
INSERT [dbo].[RegionComuna] ([IdRegion], [IdComuna]) VALUES (7, 7302)
INSERT [dbo].[RegionComuna] ([IdRegion], [IdComuna]) VALUES (7, 7303)
INSERT [dbo].[RegionComuna] ([IdRegion], [IdComuna]) VALUES (7, 7304)
INSERT [dbo].[RegionComuna] ([IdRegion], [IdComuna]) VALUES (7, 7305)
INSERT [dbo].[RegionComuna] ([IdRegion], [IdComuna]) VALUES (7, 7306)
INSERT [dbo].[RegionComuna] ([IdRegion], [IdComuna]) VALUES (7, 7307)
INSERT [dbo].[RegionComuna] ([IdRegion], [IdComuna]) VALUES (7, 7308)
INSERT [dbo].[RegionComuna] ([IdRegion], [IdComuna]) VALUES (7, 7309)
INSERT [dbo].[RegionComuna] ([IdRegion], [IdComuna]) VALUES (7, 7401)
INSERT [dbo].[RegionComuna] ([IdRegion], [IdComuna]) VALUES (7, 7402)
INSERT [dbo].[RegionComuna] ([IdRegion], [IdComuna]) VALUES (7, 7403)
INSERT [dbo].[RegionComuna] ([IdRegion], [IdComuna]) VALUES (7, 7404)
INSERT [dbo].[RegionComuna] ([IdRegion], [IdComuna]) VALUES (7, 7405)
INSERT [dbo].[RegionComuna] ([IdRegion], [IdComuna]) VALUES (7, 7406)
INSERT [dbo].[RegionComuna] ([IdRegion], [IdComuna]) VALUES (7, 7407)
INSERT [dbo].[RegionComuna] ([IdRegion], [IdComuna]) VALUES (7, 7408)
INSERT [dbo].[RegionComuna] ([IdRegion], [IdComuna]) VALUES (8, 8101)
INSERT [dbo].[RegionComuna] ([IdRegion], [IdComuna]) VALUES (8, 8102)
INSERT [dbo].[RegionComuna] ([IdRegion], [IdComuna]) VALUES (8, 8103)
INSERT [dbo].[RegionComuna] ([IdRegion], [IdComuna]) VALUES (8, 8104)
INSERT [dbo].[RegionComuna] ([IdRegion], [IdComuna]) VALUES (8, 8105)
INSERT [dbo].[RegionComuna] ([IdRegion], [IdComuna]) VALUES (8, 8106)
INSERT [dbo].[RegionComuna] ([IdRegion], [IdComuna]) VALUES (8, 8107)
INSERT [dbo].[RegionComuna] ([IdRegion], [IdComuna]) VALUES (8, 8108)
INSERT [dbo].[RegionComuna] ([IdRegion], [IdComuna]) VALUES (8, 8109)
INSERT [dbo].[RegionComuna] ([IdRegion], [IdComuna]) VALUES (8, 8110)
INSERT [dbo].[RegionComuna] ([IdRegion], [IdComuna]) VALUES (8, 8111)
INSERT [dbo].[RegionComuna] ([IdRegion], [IdComuna]) VALUES (8, 8112)
INSERT [dbo].[RegionComuna] ([IdRegion], [IdComuna]) VALUES (8, 8201)
INSERT [dbo].[RegionComuna] ([IdRegion], [IdComuna]) VALUES (8, 8202)
INSERT [dbo].[RegionComuna] ([IdRegion], [IdComuna]) VALUES (8, 8203)
INSERT [dbo].[RegionComuna] ([IdRegion], [IdComuna]) VALUES (8, 8204)
INSERT [dbo].[RegionComuna] ([IdRegion], [IdComuna]) VALUES (8, 8205)
INSERT [dbo].[RegionComuna] ([IdRegion], [IdComuna]) VALUES (8, 8206)
INSERT [dbo].[RegionComuna] ([IdRegion], [IdComuna]) VALUES (8, 8207)
INSERT [dbo].[RegionComuna] ([IdRegion], [IdComuna]) VALUES (8, 8301)
INSERT [dbo].[RegionComuna] ([IdRegion], [IdComuna]) VALUES (8, 8302)
INSERT [dbo].[RegionComuna] ([IdRegion], [IdComuna]) VALUES (8, 8303)
INSERT [dbo].[RegionComuna] ([IdRegion], [IdComuna]) VALUES (8, 8304)
INSERT [dbo].[RegionComuna] ([IdRegion], [IdComuna]) VALUES (8, 8305)
INSERT [dbo].[RegionComuna] ([IdRegion], [IdComuna]) VALUES (8, 8306)
INSERT [dbo].[RegionComuna] ([IdRegion], [IdComuna]) VALUES (8, 8307)
INSERT [dbo].[RegionComuna] ([IdRegion], [IdComuna]) VALUES (8, 8308)
INSERT [dbo].[RegionComuna] ([IdRegion], [IdComuna]) VALUES (8, 8309)
INSERT [dbo].[RegionComuna] ([IdRegion], [IdComuna]) VALUES (8, 8310)
INSERT [dbo].[RegionComuna] ([IdRegion], [IdComuna]) VALUES (8, 8311)
INSERT [dbo].[RegionComuna] ([IdRegion], [IdComuna]) VALUES (8, 8312)
INSERT [dbo].[RegionComuna] ([IdRegion], [IdComuna]) VALUES (8, 8313)
INSERT [dbo].[RegionComuna] ([IdRegion], [IdComuna]) VALUES (8, 8314)
INSERT [dbo].[RegionComuna] ([IdRegion], [IdComuna]) VALUES (8, 8401)
INSERT [dbo].[RegionComuna] ([IdRegion], [IdComuna]) VALUES (8, 8402)
INSERT [dbo].[RegionComuna] ([IdRegion], [IdComuna]) VALUES (8, 8403)
INSERT [dbo].[RegionComuna] ([IdRegion], [IdComuna]) VALUES (8, 8404)
INSERT [dbo].[RegionComuna] ([IdRegion], [IdComuna]) VALUES (8, 8405)
INSERT [dbo].[RegionComuna] ([IdRegion], [IdComuna]) VALUES (8, 8406)
INSERT [dbo].[RegionComuna] ([IdRegion], [IdComuna]) VALUES (8, 8407)
INSERT [dbo].[RegionComuna] ([IdRegion], [IdComuna]) VALUES (8, 8408)
INSERT [dbo].[RegionComuna] ([IdRegion], [IdComuna]) VALUES (8, 8409)
INSERT [dbo].[RegionComuna] ([IdRegion], [IdComuna]) VALUES (8, 8410)
INSERT [dbo].[RegionComuna] ([IdRegion], [IdComuna]) VALUES (8, 8411)
INSERT [dbo].[RegionComuna] ([IdRegion], [IdComuna]) VALUES (8, 8412)
INSERT [dbo].[RegionComuna] ([IdRegion], [IdComuna]) VALUES (8, 8413)
INSERT [dbo].[RegionComuna] ([IdRegion], [IdComuna]) VALUES (8, 8414)
INSERT [dbo].[RegionComuna] ([IdRegion], [IdComuna]) VALUES (8, 8415)
INSERT [dbo].[RegionComuna] ([IdRegion], [IdComuna]) VALUES (8, 8416)
INSERT [dbo].[RegionComuna] ([IdRegion], [IdComuna]) VALUES (8, 8417)
INSERT [dbo].[RegionComuna] ([IdRegion], [IdComuna]) VALUES (8, 8418)
INSERT [dbo].[RegionComuna] ([IdRegion], [IdComuna]) VALUES (8, 8419)
INSERT [dbo].[RegionComuna] ([IdRegion], [IdComuna]) VALUES (8, 8420)
INSERT [dbo].[RegionComuna] ([IdRegion], [IdComuna]) VALUES (8, 8421)
INSERT [dbo].[RegionComuna] ([IdRegion], [IdComuna]) VALUES (9, 9101)
INSERT [dbo].[RegionComuna] ([IdRegion], [IdComuna]) VALUES (9, 9102)
INSERT [dbo].[RegionComuna] ([IdRegion], [IdComuna]) VALUES (9, 9103)
INSERT [dbo].[RegionComuna] ([IdRegion], [IdComuna]) VALUES (9, 9104)
INSERT [dbo].[RegionComuna] ([IdRegion], [IdComuna]) VALUES (9, 9105)
GO
INSERT [dbo].[RegionComuna] ([IdRegion], [IdComuna]) VALUES (9, 9106)
INSERT [dbo].[RegionComuna] ([IdRegion], [IdComuna]) VALUES (9, 9107)
INSERT [dbo].[RegionComuna] ([IdRegion], [IdComuna]) VALUES (9, 9108)
INSERT [dbo].[RegionComuna] ([IdRegion], [IdComuna]) VALUES (9, 9109)
INSERT [dbo].[RegionComuna] ([IdRegion], [IdComuna]) VALUES (9, 9110)
INSERT [dbo].[RegionComuna] ([IdRegion], [IdComuna]) VALUES (9, 9111)
INSERT [dbo].[RegionComuna] ([IdRegion], [IdComuna]) VALUES (9, 9112)
INSERT [dbo].[RegionComuna] ([IdRegion], [IdComuna]) VALUES (9, 9113)
INSERT [dbo].[RegionComuna] ([IdRegion], [IdComuna]) VALUES (9, 9114)
INSERT [dbo].[RegionComuna] ([IdRegion], [IdComuna]) VALUES (9, 9115)
INSERT [dbo].[RegionComuna] ([IdRegion], [IdComuna]) VALUES (9, 9116)
INSERT [dbo].[RegionComuna] ([IdRegion], [IdComuna]) VALUES (9, 9117)
INSERT [dbo].[RegionComuna] ([IdRegion], [IdComuna]) VALUES (9, 9118)
INSERT [dbo].[RegionComuna] ([IdRegion], [IdComuna]) VALUES (9, 9119)
INSERT [dbo].[RegionComuna] ([IdRegion], [IdComuna]) VALUES (9, 9120)
INSERT [dbo].[RegionComuna] ([IdRegion], [IdComuna]) VALUES (9, 9121)
INSERT [dbo].[RegionComuna] ([IdRegion], [IdComuna]) VALUES (9, 9201)
INSERT [dbo].[RegionComuna] ([IdRegion], [IdComuna]) VALUES (9, 9202)
INSERT [dbo].[RegionComuna] ([IdRegion], [IdComuna]) VALUES (9, 9203)
INSERT [dbo].[RegionComuna] ([IdRegion], [IdComuna]) VALUES (9, 9204)
INSERT [dbo].[RegionComuna] ([IdRegion], [IdComuna]) VALUES (9, 9205)
INSERT [dbo].[RegionComuna] ([IdRegion], [IdComuna]) VALUES (9, 9206)
INSERT [dbo].[RegionComuna] ([IdRegion], [IdComuna]) VALUES (9, 9207)
INSERT [dbo].[RegionComuna] ([IdRegion], [IdComuna]) VALUES (9, 9208)
INSERT [dbo].[RegionComuna] ([IdRegion], [IdComuna]) VALUES (9, 9209)
INSERT [dbo].[RegionComuna] ([IdRegion], [IdComuna]) VALUES (9, 9210)
INSERT [dbo].[RegionComuna] ([IdRegion], [IdComuna]) VALUES (9, 9211)
INSERT [dbo].[RegionComuna] ([IdRegion], [IdComuna]) VALUES (10, 10101)
INSERT [dbo].[RegionComuna] ([IdRegion], [IdComuna]) VALUES (10, 10102)
INSERT [dbo].[RegionComuna] ([IdRegion], [IdComuna]) VALUES (10, 10103)
INSERT [dbo].[RegionComuna] ([IdRegion], [IdComuna]) VALUES (10, 10104)
INSERT [dbo].[RegionComuna] ([IdRegion], [IdComuna]) VALUES (10, 10105)
INSERT [dbo].[RegionComuna] ([IdRegion], [IdComuna]) VALUES (10, 10106)
INSERT [dbo].[RegionComuna] ([IdRegion], [IdComuna]) VALUES (10, 10107)
INSERT [dbo].[RegionComuna] ([IdRegion], [IdComuna]) VALUES (10, 10108)
INSERT [dbo].[RegionComuna] ([IdRegion], [IdComuna]) VALUES (10, 10109)
INSERT [dbo].[RegionComuna] ([IdRegion], [IdComuna]) VALUES (10, 10201)
INSERT [dbo].[RegionComuna] ([IdRegion], [IdComuna]) VALUES (10, 10202)
INSERT [dbo].[RegionComuna] ([IdRegion], [IdComuna]) VALUES (10, 10203)
INSERT [dbo].[RegionComuna] ([IdRegion], [IdComuna]) VALUES (10, 10204)
INSERT [dbo].[RegionComuna] ([IdRegion], [IdComuna]) VALUES (10, 10205)
INSERT [dbo].[RegionComuna] ([IdRegion], [IdComuna]) VALUES (10, 10206)
INSERT [dbo].[RegionComuna] ([IdRegion], [IdComuna]) VALUES (10, 10207)
INSERT [dbo].[RegionComuna] ([IdRegion], [IdComuna]) VALUES (10, 10208)
INSERT [dbo].[RegionComuna] ([IdRegion], [IdComuna]) VALUES (10, 10209)
INSERT [dbo].[RegionComuna] ([IdRegion], [IdComuna]) VALUES (10, 10210)
INSERT [dbo].[RegionComuna] ([IdRegion], [IdComuna]) VALUES (10, 10301)
INSERT [dbo].[RegionComuna] ([IdRegion], [IdComuna]) VALUES (10, 10302)
INSERT [dbo].[RegionComuna] ([IdRegion], [IdComuna]) VALUES (10, 10303)
INSERT [dbo].[RegionComuna] ([IdRegion], [IdComuna]) VALUES (10, 10304)
INSERT [dbo].[RegionComuna] ([IdRegion], [IdComuna]) VALUES (10, 10305)
INSERT [dbo].[RegionComuna] ([IdRegion], [IdComuna]) VALUES (10, 10306)
INSERT [dbo].[RegionComuna] ([IdRegion], [IdComuna]) VALUES (10, 10307)
INSERT [dbo].[RegionComuna] ([IdRegion], [IdComuna]) VALUES (10, 10401)
INSERT [dbo].[RegionComuna] ([IdRegion], [IdComuna]) VALUES (10, 10402)
INSERT [dbo].[RegionComuna] ([IdRegion], [IdComuna]) VALUES (10, 10403)
INSERT [dbo].[RegionComuna] ([IdRegion], [IdComuna]) VALUES (10, 10404)
INSERT [dbo].[RegionComuna] ([IdRegion], [IdComuna]) VALUES (11, 11101)
INSERT [dbo].[RegionComuna] ([IdRegion], [IdComuna]) VALUES (11, 11102)
INSERT [dbo].[RegionComuna] ([IdRegion], [IdComuna]) VALUES (11, 11201)
INSERT [dbo].[RegionComuna] ([IdRegion], [IdComuna]) VALUES (11, 11202)
INSERT [dbo].[RegionComuna] ([IdRegion], [IdComuna]) VALUES (11, 11203)
INSERT [dbo].[RegionComuna] ([IdRegion], [IdComuna]) VALUES (11, 11301)
INSERT [dbo].[RegionComuna] ([IdRegion], [IdComuna]) VALUES (11, 11302)
INSERT [dbo].[RegionComuna] ([IdRegion], [IdComuna]) VALUES (11, 11303)
INSERT [dbo].[RegionComuna] ([IdRegion], [IdComuna]) VALUES (11, 11401)
INSERT [dbo].[RegionComuna] ([IdRegion], [IdComuna]) VALUES (11, 11402)
INSERT [dbo].[RegionComuna] ([IdRegion], [IdComuna]) VALUES (12, 12101)
INSERT [dbo].[RegionComuna] ([IdRegion], [IdComuna]) VALUES (12, 12102)
INSERT [dbo].[RegionComuna] ([IdRegion], [IdComuna]) VALUES (12, 12103)
INSERT [dbo].[RegionComuna] ([IdRegion], [IdComuna]) VALUES (12, 12104)
INSERT [dbo].[RegionComuna] ([IdRegion], [IdComuna]) VALUES (12, 12201)
INSERT [dbo].[RegionComuna] ([IdRegion], [IdComuna]) VALUES (12, 12202)
INSERT [dbo].[RegionComuna] ([IdRegion], [IdComuna]) VALUES (12, 12301)
INSERT [dbo].[RegionComuna] ([IdRegion], [IdComuna]) VALUES (12, 12302)
INSERT [dbo].[RegionComuna] ([IdRegion], [IdComuna]) VALUES (12, 12303)
INSERT [dbo].[RegionComuna] ([IdRegion], [IdComuna]) VALUES (12, 12401)
INSERT [dbo].[RegionComuna] ([IdRegion], [IdComuna]) VALUES (12, 12402)
INSERT [dbo].[RegionComuna] ([IdRegion], [IdComuna]) VALUES (13, 13101)
INSERT [dbo].[RegionComuna] ([IdRegion], [IdComuna]) VALUES (13, 13102)
INSERT [dbo].[RegionComuna] ([IdRegion], [IdComuna]) VALUES (13, 13103)
INSERT [dbo].[RegionComuna] ([IdRegion], [IdComuna]) VALUES (13, 13104)
INSERT [dbo].[RegionComuna] ([IdRegion], [IdComuna]) VALUES (13, 13105)
INSERT [dbo].[RegionComuna] ([IdRegion], [IdComuna]) VALUES (13, 13106)
INSERT [dbo].[RegionComuna] ([IdRegion], [IdComuna]) VALUES (13, 13107)
INSERT [dbo].[RegionComuna] ([IdRegion], [IdComuna]) VALUES (13, 13108)
INSERT [dbo].[RegionComuna] ([IdRegion], [IdComuna]) VALUES (13, 13109)
INSERT [dbo].[RegionComuna] ([IdRegion], [IdComuna]) VALUES (13, 13110)
INSERT [dbo].[RegionComuna] ([IdRegion], [IdComuna]) VALUES (13, 13111)
INSERT [dbo].[RegionComuna] ([IdRegion], [IdComuna]) VALUES (13, 13112)
INSERT [dbo].[RegionComuna] ([IdRegion], [IdComuna]) VALUES (13, 13113)
INSERT [dbo].[RegionComuna] ([IdRegion], [IdComuna]) VALUES (13, 13114)
INSERT [dbo].[RegionComuna] ([IdRegion], [IdComuna]) VALUES (13, 13115)
INSERT [dbo].[RegionComuna] ([IdRegion], [IdComuna]) VALUES (13, 13116)
INSERT [dbo].[RegionComuna] ([IdRegion], [IdComuna]) VALUES (13, 13117)
INSERT [dbo].[RegionComuna] ([IdRegion], [IdComuna]) VALUES (13, 13118)
INSERT [dbo].[RegionComuna] ([IdRegion], [IdComuna]) VALUES (13, 13119)
INSERT [dbo].[RegionComuna] ([IdRegion], [IdComuna]) VALUES (13, 13120)
INSERT [dbo].[RegionComuna] ([IdRegion], [IdComuna]) VALUES (13, 13121)
INSERT [dbo].[RegionComuna] ([IdRegion], [IdComuna]) VALUES (13, 13122)
GO
INSERT [dbo].[RegionComuna] ([IdRegion], [IdComuna]) VALUES (13, 13123)
INSERT [dbo].[RegionComuna] ([IdRegion], [IdComuna]) VALUES (13, 13124)
INSERT [dbo].[RegionComuna] ([IdRegion], [IdComuna]) VALUES (13, 13125)
INSERT [dbo].[RegionComuna] ([IdRegion], [IdComuna]) VALUES (13, 13126)
INSERT [dbo].[RegionComuna] ([IdRegion], [IdComuna]) VALUES (13, 13127)
INSERT [dbo].[RegionComuna] ([IdRegion], [IdComuna]) VALUES (13, 13128)
INSERT [dbo].[RegionComuna] ([IdRegion], [IdComuna]) VALUES (13, 13129)
INSERT [dbo].[RegionComuna] ([IdRegion], [IdComuna]) VALUES (13, 13130)
INSERT [dbo].[RegionComuna] ([IdRegion], [IdComuna]) VALUES (13, 13131)
INSERT [dbo].[RegionComuna] ([IdRegion], [IdComuna]) VALUES (13, 13132)
INSERT [dbo].[RegionComuna] ([IdRegion], [IdComuna]) VALUES (13, 13201)
INSERT [dbo].[RegionComuna] ([IdRegion], [IdComuna]) VALUES (13, 13202)
INSERT [dbo].[RegionComuna] ([IdRegion], [IdComuna]) VALUES (13, 13203)
INSERT [dbo].[RegionComuna] ([IdRegion], [IdComuna]) VALUES (13, 13301)
INSERT [dbo].[RegionComuna] ([IdRegion], [IdComuna]) VALUES (13, 13302)
INSERT [dbo].[RegionComuna] ([IdRegion], [IdComuna]) VALUES (13, 13303)
INSERT [dbo].[RegionComuna] ([IdRegion], [IdComuna]) VALUES (13, 13401)
INSERT [dbo].[RegionComuna] ([IdRegion], [IdComuna]) VALUES (13, 13402)
INSERT [dbo].[RegionComuna] ([IdRegion], [IdComuna]) VALUES (13, 13403)
INSERT [dbo].[RegionComuna] ([IdRegion], [IdComuna]) VALUES (13, 13404)
INSERT [dbo].[RegionComuna] ([IdRegion], [IdComuna]) VALUES (13, 13501)
INSERT [dbo].[RegionComuna] ([IdRegion], [IdComuna]) VALUES (13, 13502)
INSERT [dbo].[RegionComuna] ([IdRegion], [IdComuna]) VALUES (13, 13503)
INSERT [dbo].[RegionComuna] ([IdRegion], [IdComuna]) VALUES (13, 13504)
INSERT [dbo].[RegionComuna] ([IdRegion], [IdComuna]) VALUES (13, 13505)
INSERT [dbo].[RegionComuna] ([IdRegion], [IdComuna]) VALUES (13, 13601)
INSERT [dbo].[RegionComuna] ([IdRegion], [IdComuna]) VALUES (13, 13602)
INSERT [dbo].[RegionComuna] ([IdRegion], [IdComuna]) VALUES (13, 13603)
INSERT [dbo].[RegionComuna] ([IdRegion], [IdComuna]) VALUES (13, 13604)
INSERT [dbo].[RegionComuna] ([IdRegion], [IdComuna]) VALUES (13, 13605)
INSERT [dbo].[RegionComuna] ([IdRegion], [IdComuna]) VALUES (14, 14101)
INSERT [dbo].[RegionComuna] ([IdRegion], [IdComuna]) VALUES (14, 14102)
INSERT [dbo].[RegionComuna] ([IdRegion], [IdComuna]) VALUES (14, 14103)
INSERT [dbo].[RegionComuna] ([IdRegion], [IdComuna]) VALUES (14, 14104)
INSERT [dbo].[RegionComuna] ([IdRegion], [IdComuna]) VALUES (14, 14105)
INSERT [dbo].[RegionComuna] ([IdRegion], [IdComuna]) VALUES (14, 14106)
INSERT [dbo].[RegionComuna] ([IdRegion], [IdComuna]) VALUES (14, 14107)
INSERT [dbo].[RegionComuna] ([IdRegion], [IdComuna]) VALUES (14, 14108)
INSERT [dbo].[RegionComuna] ([IdRegion], [IdComuna]) VALUES (14, 14201)
INSERT [dbo].[RegionComuna] ([IdRegion], [IdComuna]) VALUES (14, 14202)
INSERT [dbo].[RegionComuna] ([IdRegion], [IdComuna]) VALUES (14, 14203)
INSERT [dbo].[RegionComuna] ([IdRegion], [IdComuna]) VALUES (14, 14204)
INSERT [dbo].[RegionComuna] ([IdRegion], [IdComuna]) VALUES (15, 15101)
INSERT [dbo].[RegionComuna] ([IdRegion], [IdComuna]) VALUES (15, 15102)
INSERT [dbo].[RegionComuna] ([IdRegion], [IdComuna]) VALUES (15, 15201)
INSERT [dbo].[RegionComuna] ([IdRegion], [IdComuna]) VALUES (15, 15202)
INSERT [dbo].[Sexo] ([IdSexo], [Descripcion]) VALUES (1, N'Hombre')
INSERT [dbo].[Sexo] ([IdSexo], [Descripcion]) VALUES (2, N'Mujer')
INSERT [dbo].[TipoContrato] ([IdTipoContrato], [Descripcion]) VALUES (10, N'Vida')
INSERT [dbo].[TipoContrato] ([IdTipoContrato], [Descripcion]) VALUES (20, N'Vehículos')
INSERT [dbo].[TipoContrato] ([IdTipoContrato], [Descripcion]) VALUES (30, N'Hogar')
SET ANSI_PADDING ON

GO
/****** Object:  Index [IX_Contrato_Cliente_FK1]     ******/
CREATE NONCLUSTERED INDEX [IX_Contrato_Cliente_FK1] ON [dbo].[Contrato]
(
	[RutCliente] ASC
)WITH (PAD_INDEX = OFF, STATISTICS_NORECOMPUTE = OFF, SORT_IN_TEMPDB = OFF, DROP_EXISTING = OFF, ONLINE = OFF, ALLOW_ROW_LOCKS = ON, ALLOW_PAGE_LOCKS = ON) ON [PRIMARY]
GO
SET ANSI_PADDING ON

GO
/****** Object:  Index [IX_Contrato_Plan_FK1]     ******/
CREATE NONCLUSTERED INDEX [IX_Contrato_Plan_FK1] ON [dbo].[Contrato]
(
	[CodigoPlan] ASC,
	[IdTipoContrato] ASC
)WITH (PAD_INDEX = OFF, STATISTICS_NORECOMPUTE = OFF, SORT_IN_TEMPDB = OFF, DROP_EXISTING = OFF, ONLINE = OFF, ALLOW_ROW_LOCKS = ON, ALLOW_PAGE_LOCKS = ON) ON [PRIMARY]
GO
/****** Object:  Index [IX_Vehiculo_MarcaModelo_FK1]     ******/
CREATE NONCLUSTERED INDEX [IX_Vehiculo_MarcaModelo_FK1] ON [dbo].[Vehiculo]
(
	[IdMarca] ASC,
	[IdModelo] ASC
)WITH (PAD_INDEX = OFF, STATISTICS_NORECOMPUTE = OFF, SORT_IN_TEMPDB = OFF, DROP_EXISTING = OFF, ONLINE = OFF, ALLOW_ROW_LOCKS = ON, ALLOW_PAGE_LOCKS = ON) ON [PRIMARY]
GO
/****** Object:  Index [IX_Relationship15]     ******/
CREATE NONCLUSTERED INDEX [IX_Relationship15] ON [dbo].[Vivienda]
(
	[IdRegion] ASC,
	[IdComuna] ASC
)WITH (PAD_INDEX = OFF, STATISTICS_NORECOMPUTE = OFF, SORT_IN_TEMPDB = OFF, DROP_EXISTING = OFF, ONLINE = OFF, ALLOW_ROW_LOCKS = ON, ALLOW_PAGE_LOCKS = ON) ON [PRIMARY]
GO
ALTER TABLE [dbo].[Cliente]  WITH CHECK ADD  CONSTRAINT [Cliente_EstadoCivil_FK1] FOREIGN KEY([IdEstadoCivil])
REFERENCES [dbo].[EstadoCivil] ([IdEstadoCivil])
GO
ALTER TABLE [dbo].[Cliente] CHECK CONSTRAINT [Cliente_EstadoCivil_FK1]
GO
ALTER TABLE [dbo].[Cliente]  WITH CHECK ADD  CONSTRAINT [Cliente_Sexo_FK1] FOREIGN KEY([IdSexo])
REFERENCES [dbo].[Sexo] ([IdSexo])
GO
ALTER TABLE [dbo].[Cliente] CHECK CONSTRAINT [Cliente_Sexo_FK1]
GO
ALTER TABLE [dbo].[Contrato]  WITH CHECK ADD  CONSTRAINT [Contrato_Cliente_FK1] FOREIGN KEY([RutCliente])
REFERENCES [dbo].[Cliente] ([RutCliente])
GO
ALTER TABLE [dbo].[Contrato] CHECK CONSTRAINT [Contrato_Cliente_FK1]
GO
ALTER TABLE [dbo].[Contrato]  WITH CHECK ADD  CONSTRAINT [Contrato_Plan_FK1] FOREIGN KEY([CodigoPlan], [IdTipoContrato])
REFERENCES [dbo].[Plan] ([IdPlan], [IdTipoContrato])
GO
ALTER TABLE [dbo].[Contrato] CHECK CONSTRAINT [Contrato_Plan_FK1]
GO
ALTER TABLE [dbo].[Contrato_Vivienda]  WITH CHECK ADD  CONSTRAINT [Contrato_ContratoVivienda_FK1] FOREIGN KEY([Numero])
REFERENCES [dbo].[Contrato] ([Numero])
GO
ALTER TABLE [dbo].[Contrato_Vivienda] CHECK CONSTRAINT [Contrato_ContratoVivienda_FK1]
GO
ALTER TABLE [dbo].[Contrato_Vivienda]  WITH CHECK ADD  CONSTRAINT [Vivienda_ContratoVivienda_FK1] FOREIGN KEY([CodigoPostal])
REFERENCES [dbo].[Vivienda] ([CodigoPostal])
GO
ALTER TABLE [dbo].[Contrato_Vivienda] CHECK CONSTRAINT [Vivienda_ContratoVivienda_FK1]
GO
ALTER TABLE [dbo].[ContratoVehiculo]  WITH CHECK ADD  CONSTRAINT [Contrato_ContratoVehiculo_FK1] FOREIGN KEY([Numero])
REFERENCES [dbo].[Contrato] ([Numero])
GO
ALTER TABLE [dbo].[ContratoVehiculo] CHECK CONSTRAINT [Contrato_ContratoVehiculo_FK1]
GO
ALTER TABLE [dbo].[ContratoVehiculo]  WITH CHECK ADD  CONSTRAINT [Vehiculo_ContratoVehiculo_FK1] FOREIGN KEY([Patente])
REFERENCES [dbo].[Vehiculo] ([Patente])
GO
ALTER TABLE [dbo].[ContratoVehiculo] CHECK CONSTRAINT [Vehiculo_ContratoVehiculo_FK1]
GO
ALTER TABLE [dbo].[MarcaModeloVehiculo]  WITH CHECK ADD  CONSTRAINT [Marca_MarcaModelo_FK1] FOREIGN KEY([IdMarca])
REFERENCES [dbo].[MarcaVehiculo] ([IdMarca])
GO
ALTER TABLE [dbo].[MarcaModeloVehiculo] CHECK CONSTRAINT [Marca_MarcaModelo_FK1]
GO
ALTER TABLE [dbo].[MarcaModeloVehiculo]  WITH CHECK ADD  CONSTRAINT [Modelo_MarcaModelo_FK1] FOREIGN KEY([IdModelo])
REFERENCES [dbo].[ModeloVehiculo] ([IdModelo])
GO
ALTER TABLE [dbo].[MarcaModeloVehiculo] CHECK CONSTRAINT [Modelo_MarcaModelo_FK1]
GO
ALTER TABLE [dbo].[Plan]  WITH CHECK ADD  CONSTRAINT [Plan_TipoContrato_FK1] FOREIGN KEY([IdTipoContrato])
REFERENCES [dbo].[TipoContrato] ([IdTipoContrato])
GO
ALTER TABLE [dbo].[Plan] CHECK CONSTRAINT [Plan_TipoContrato_FK1]
GO
ALTER TABLE [dbo].[RegionComuna]  WITH CHECK ADD  CONSTRAINT [Comuna_RegionComuna_FK1] FOREIGN KEY([IdComuna])
REFERENCES [dbo].[Comuna] ([IdComuna])
GO
ALTER TABLE [dbo].[RegionComuna] CHECK CONSTRAINT [Comuna_RegionComuna_FK1]
GO
ALTER TABLE [dbo].[RegionComuna]  WITH CHECK ADD  CONSTRAINT [Region_RegionComuna_FK1] FOREIGN KEY([IdRegion])
REFERENCES [dbo].[Region] ([IdRegion])
GO
ALTER TABLE [dbo].[RegionComuna] CHECK CONSTRAINT [Region_RegionComuna_FK1]
GO
ALTER TABLE [dbo].[Vehiculo]  WITH CHECK ADD  CONSTRAINT [Vehiculo_MarcaModelo_FK1] FOREIGN KEY([IdMarca], [IdModelo])
REFERENCES [dbo].[MarcaModeloVehiculo] ([IdMarca], [IdModelo])
GO
ALTER TABLE [dbo].[Vehiculo] CHECK CONSTRAINT [Vehiculo_MarcaModelo_FK1]
GO
ALTER TABLE [dbo].[Vivienda]  WITH CHECK ADD  CONSTRAINT [Vivienda_RegionComuna_FK1] FOREIGN KEY([IdRegion], [IdComuna])
REFERENCES [dbo].[RegionComuna] ([IdRegion], [IdComuna])
GO
ALTER TABLE [dbo].[Vivienda] CHECK CONSTRAINT [Vivienda_RegionComuna_FK1]
GO
USE [master]
GO
ALTER DATABASE [BeLife] SET  READ_WRITE 
GO
